-- --------------------------------------------------------
-- Host:                         127.0.0.1
-- Versión del servidor:         8.0.21 - MySQL Community Server - GPL
-- SO del servidor:              Win64
-- HeidiSQL Versión:             11.3.0.6295
-- --------------------------------------------------------

/*!40101 SET @OLD_CHARACTER_SET_CLIENT=@@CHARACTER_SET_CLIENT */;
/*!40101 SET NAMES utf8 */;
/*!50503 SET NAMES utf8mb4 */;
/*!40014 SET @OLD_FOREIGN_KEY_CHECKS=@@FOREIGN_KEY_CHECKS, FOREIGN_KEY_CHECKS=0 */;
/*!40101 SET @OLD_SQL_MODE=@@SQL_MODE, SQL_MODE='NO_AUTO_VALUE_ON_ZERO' */;
/*!40111 SET @OLD_SQL_NOTES=@@SQL_NOTES, SQL_NOTES=0 */;


-- Volcando estructura de base de datos para links_db
CREATE DATABASE IF NOT EXISTS `links_db` /*!40100 DEFAULT CHARACTER SET utf8 COLLATE utf8_spanish_ci */ /*!80016 DEFAULT ENCRYPTION='N' */;
USE `links_db`;

-- Volcando estructura para tabla links_db.bitacora
CREATE TABLE IF NOT EXISTS `bitacora` (
  `id_bitacora` int NOT NULL AUTO_INCREMENT,
  `id_usuario` int NOT NULL,
  `id_evento` int NOT NULL,
  `valor_anterior` varchar(255) CHARACTER SET utf8 COLLATE utf8_spanish_ci NOT NULL,
  `valor_nuevo` varchar(255) CHARACTER SET utf8 COLLATE utf8_spanish_ci NOT NULL,
  `fecha_evento` date NOT NULL,
  PRIMARY KEY (`id_bitacora`),
  KEY `bi_usuario_idx` (`id_usuario`),
  KEY `bi_evento_idx` (`id_evento`),
  CONSTRAINT `bi_evento_fk` FOREIGN KEY (`id_evento`) REFERENCES `tipo_evento` (`id_tipo_evento`),
  CONSTRAINT `bi_usuario_fk` FOREIGN KEY (`id_usuario`) REFERENCES `usuario` (`id_usuario`)
) ENGINE=InnoDB DEFAULT CHARSET=utf8 COLLATE=utf8_spanish_ci;

-- Volcando datos para la tabla links_db.bitacora: ~0 rows (aproximadamente)
DELETE FROM `bitacora`;
/*!40000 ALTER TABLE `bitacora` DISABLE KEYS */;
/*!40000 ALTER TABLE `bitacora` ENABLE KEYS */;

-- Volcando estructura para tabla links_db.cliente
CREATE TABLE IF NOT EXISTS `cliente` (
  `id_cliente` int NOT NULL AUTO_INCREMENT,
  `nombre_cliente` varchar(250) CHARACTER SET utf8 COLLATE utf8_spanish_ci NOT NULL,
  `telefono_cliente` varchar(8) CHARACTER SET utf8 COLLATE utf8_spanish_ci NOT NULL,
  `id_municipio` int NOT NULL,
  `domicilio` varchar(250) CHARACTER SET utf8 COLLATE utf8_spanish_ci NOT NULL,
  `ubicacion_gps` varchar(100) CHARACTER SET utf8 COLLATE utf8_spanish_ci DEFAULT NULL,
  `id_tipo_cliente` int NOT NULL,
  PRIMARY KEY (`id_cliente`),
  KEY `cli_municipio_idx` (`id_municipio`),
  KEY `cli_tipo_cliente_idx` (`id_tipo_cliente`),
  CONSTRAINT `cli_municipio_fk` FOREIGN KEY (`id_municipio`) REFERENCES `municipio` (`id_municipio`),
  CONSTRAINT `tipo_cliente_fk` FOREIGN KEY (`id_tipo_cliente`) REFERENCES `tipo_cliente` (`id_tipo_cliente`)
) ENGINE=InnoDB AUTO_INCREMENT=207 DEFAULT CHARSET=utf8 COLLATE=utf8_spanish_ci;

-- Volcando datos para la tabla links_db.cliente: ~171 rows (aproximadamente)
DELETE FROM `cliente`;
/*!40000 ALTER TABLE `cliente` DISABLE KEYS */;
INSERT INTO `cliente` (`id_cliente`, `nombre_cliente`, `telefono_cliente`, `id_municipio`, `domicilio`, `ubicacion_gps`, `id_tipo_cliente`) VALUES
	(34, 'Servidor', '42071574', 1, 'Domicilio de Sololá', '31.098, -40.534', 3),
	(35, 'Juan Carlos', '49411467', 11, 'Domicilio de Sololá', '69.087 -69.510', 3),
	(36, 'Joaquín Mendoza Coc', '63677435', 2, 'Domicilio de Sololá', '00.037 -64.885', 1),
	(37, 'Alberto Xoch Yaxon', '58291897', 1, 'Domicilio de Sololá', '12.553, -13.198', 1),
	(38, 'Raul Tzorin Cosigua', '62583783', 19, 'Domicilio de Sololá', '01.515 -98.639', 1),
	(39, 'Asociacion Asidro Km123', '85578835', 12, 'Domicilio de Sololá', '95.826 -79.505', 1),
	(40, 'Juan Tzorin Cosigua', '00659728', 11, 'Domicilio de Sololá', '37.486 -30.634', 1),
	(41, 'Teresa Mendoza Palax', '33617749', 18, 'Domicilio de Sololá', '49.735 -07.108', 1),
	(42, 'Carlos Guarcax Panjoj', '18302213', 2, 'Domicilio de Sololá', '43.149 -46.895', 1),
	(43, 'Fermin Guarcax Julajuj', '92911281', 18, 'Domicilio de Sololá', '83.897 -44.119', 1),
	(44, 'Josefina Palax Chiroy', '50402032', 17, 'Domicilio de Sololá', '66.745 -55.472', 1),
	(45, 'Juana Castro Guarcax', '38668227', 16, 'Domicilio de Sololá', '49.367 -76.696', 1),
	(46, 'Marcelo Guarcax Julajuj', '74897944', 14, 'Domicilio de Sololá', '95.466 -13.000', 1),
	(47, 'Martin Guarcax Mendoza', '86960274', 7, 'Domicilio de Sololá', '68.531 -84.286', 1),
	(48, 'Fredy Mendoza Panjoj', '18455581', 4, 'Domicilio de Sololá', '93.601 -15.576', 1),
	(49, 'Erick Fransico Ajualip', '10153384', 11, 'Domicilio de Sololá', '46.806 -73.169', 1),
	(50, 'Demetrio Guarcax Quiejay', '38048315', 6, 'Domicilio de Sololá', '27.567 -59.003', 1),
	(51, 'Oscar Mendoza Coc', '18935112', 11, 'Domicilio de Sololá', '06.851 -66.838', 1),
	(52, 'Rafael Nimajay', '22097333', 6, 'Domicilio de Sololá', '08.898 -95.284', 1),
	(53, 'Maria Vicente Xitamul', '97604114', 12, 'Domicilio de Sololá', '07.561 -78.571', 1),
	(54, 'Rosario Quisuina', '62560692', 10, 'Domicilio de Sololá', '92.736 -76.494', 1),
	(55, 'Fredy Alexander Cosigua Coc', '36943875', 3, 'Domicilio de Sololá', '49.643 -86.741', 1),
	(56, 'Gelber Chumil Panjoj', '78223859', 5, 'Domicilio de Sololá', '00.374 -03.137', 1),
	(57, 'Mariano Palax Tuy', '09824463', 16, 'Domicilio de Sololá', '45.551 -65.727', 1),
	(58, 'Rigo Palax Palax', '32092811', 7, 'Domicilio de Sololá', '01.694 -59.744', 1),
	(59, 'Yessica Yojana Cosigua Panjoj', '56691187', 1, 'Domicilio de Sololá', '06.591 -00.730', 1),
	(60, 'Carlos Guit Xibalbay', '55278511', 8, 'Domicilio de Sololá', '34.839 -58.632', 1),
	(61, 'Carlos Yaxon Cumes', '48096289', 4, 'Domicilio de Sololá', '53.630 -05.437', 1),
	(62, 'Luis Sicajau', '59490592', 5, 'Domicilio de Sololá', '52.532 -76.449', 1),
	(63, 'Manuel Pablo Tuy', '09158283', 14, 'Domicilio de Sololá', '88.602 -57.455', 1),
	(64, 'Martin Tuy Guarcax', '04416120', 11, 'Domicilio de Sololá', '03.596 -46.337', 1),
	(65, 'Faustino Guarcax Panjoj', '36981162', 19, 'Domicilio de Sololá', '24.781 -78.633', 1),
	(66, 'Rodolfo Panjoj', '07055246', 4, 'Domicilio de Sololá', '36.229 -90.591', 1),
	(67, 'Miriam Guarcax Bixcul', '41404461', 4, 'Domicilio de Sololá', '84.864 -18.585', 1),
	(68, 'Gustavo Angel Aju Churunel', '06238123', 7, 'Domicilio de Sololá', '85.132 -09.598', 1),
	(69, 'Cristobal Guarcax Pos', '40696357', 4, 'Domicilio de Sololá', '82.240 -97.670', 1),
	(70, 'Cristobal Guarcax Chiroy', '02987967', 10, 'Domicilio de Sololá', '08.870 -96.932', 1),
	(71, 'Daniel Mendoza Ajcojom', '38326162', 4, 'Domicilio de Sololá', '38.527 -46.905', 1),
	(72, 'Rigoberto Mendoza Guarcax', '02736776', 18, 'Domicilio de Sololá', '32.625 -91.353', 1),
	(73, 'Mariano Tuiz Aju', '79301890', 5, 'Domicilio de Sololá', '93.007 -06.326', 1),
	(74, 'Oscar Chiroy', '63925519', 16, 'Domicilio de Sololá', '98.067 -59.619', 1),
	(75, 'Alberto Mendoza Churunel', '97576604', 14, 'Domicilio de Sololá', '87.833 -91.279', 1),
	(76, 'Roberto Carlos Junich Bocel', '89786336', 8, 'Domicilio de Sololá', '16.859 -96.021', 1),
	(77, 'Santos Mendoza Palax', '71979554', 17, 'Domicilio de Sololá', '99.391 -54.218', 1),
	(78, 'Victor Guarcax Chiroy', '69916810', 14, 'Domicilio de Sololá', '92.248 -02.462', 1),
	(79, 'Bartolome Tuy', '47574956', 13, 'Domicilio de Sololá', '21.846 -39.214', 1),
	(80, 'Estuardo Tuy Palax', '03831767', 19, 'Domicilio de Sololá', '89.451 -79.806', 1),
	(81, 'Joel Tuy Tuy', '77326481', 19, 'Domicilio de Sololá', '31.696 -05.122', 1),
	(82, 'Julian Palax Castro', '94362409', 4, 'Domicilio de Sololá', '37.604 -40.428', 1),
	(83, 'Julian Panjoj Antonio', '19205761', 16, 'Domicilio de Sololá', '77.231 -97.249', 1),
	(84, 'Lidia Asucena Tuy Guit', '00614620', 10, 'Domicilio de Sololá', '17.068 -20.545', 1),
	(85, 'Rolando Tuy', '42504682', 10, 'Domicilio de Sololá', '23.978 -54.560', 1),
	(86, 'Rony David Coc', '97098731', 4, 'Domicilio de Sololá', '57.897 -31.496', 1),
	(87, 'Alejandro Tuy', '44244283', 6, 'Domicilio de Sololá', '22.370 -59.191', 1),
	(88, 'Antonio Mendoza Tun', '25329738', 2, 'Domicilio de Sololá', '21.045 -35.421', 1),
	(89, 'Asociacion Aspegua', '75515635', 13, 'Domicilio de Sololá', '00.396 -80.205', 1),
	(90, 'Andres Coc Panjoj', '46432701', 9, 'Domicilio de Sololá', '97.193 -83.294', 1),
	(91, 'Luis Cosigua Xoquic', '20790854', 13, 'Domicilio de Sololá', '65.486 -09.369', 1),
	(92, 'Mario Enrique Guarcax Palax', '81665560', 5, 'Domicilio de Sololá', '79.757 -83.079', 1),
	(93, 'Edy Mendoza', '22255214', 13, 'Domicilio de Sololá', '22.885 -33.907', 1),
	(94, 'Irma Mendoza Coc', '32603109', 18, 'Domicilio de Sololá', '32.900 -31.050', 1),
	(95, 'Santos Par Cosigua', '17166365', 3, 'Domicilio de Sololá', '10.535 -94.674', 1),
	(96, 'Mario Rigoberto Par Cumes', '25366639', 4, 'Domicilio de Sololá', '15.471 -18.905', 1),
	(97, 'Angel Sajvin Toc', '71367516', 15, 'Domicilio de Sololá', '32.888 -13.991', 1),
	(98, 'Gilberto Par Yaxon', '46715276', 12, 'Domicilio de Sololá', '79.914 -90.269', 1),
	(99, 'Israel Par Ibate', '73445718', 17, 'Domicilio de Sololá', '26.763 -33.875', 1),
	(100, 'Sonia Esperanza Cuc Cumes', '64064496', 3, 'Domicilio de Sololá', '86.926 -20.955', 1),
	(101, 'Jose Pich Quisquina', '68550907', 4, 'Domicilio de Sololá', '73.503 -85.520', 1),
	(102, 'Allan Enrique Churunel Lopez', '20915060', 18, 'Domicilio de Sololá', '53.479 -04.280', 1),
	(103, 'Ricardo Julajuj Raxtun', '82363040', 14, 'Domicilio de Sololá', '31.819 -44.818', 1),
	(104, 'Maria Cristina Ajpuac Dias', '20918871', 17, 'Domicilio de Sololá', '54.446 -32.981', 1),
	(105, 'Daniel Junich Castro', '99752061', 13, 'Domicilio de Sololá', '98.064 -35.741', 1),
	(106, 'Delfino Cuc Cumes', '56260614', 14, 'Domicilio de Sololá', '15.916 -91.567', 1),
	(107, 'Jose Luis Cuc Julajuuj', '04267192', 15, 'Domicilio de Sololá', '35.377 -44.510', 1),
	(108, 'Maria Del Carmen Panjoj Guarcax', '18294609', 16, 'Domicilio de Sololá', '85.308 -19.463', 1),
	(109, 'Norma Leticia Cuc Ixcoy', '51586686', 10, 'Domicilio de Sololá', '72.936 -14.131', 1),
	(110, 'Carlos Alberto Antonio Bixcul', '18591816', 3, 'Domicilio de Sololá', '64.802 -84.497', 1),
	(111, 'Marcelo Abelino Chumil Bixcul', '92976712', 12, 'Domicilio de Sololá', '05.626 -15.310', 1),
	(112, 'Hector Pich Quisquina', '64571175', 6, 'Domicilio de Sololá', '12.744 -00.480', 1),
	(113, 'Juan Antonio Cojtin', '92760707', 12, 'Domicilio de Sololá', '58.240 -02.014', 1),
	(114, 'Julio Chiroy Yaxon', '97261470', 7, 'Domicilio de Sololá', '36.193 -14.748', 1),
	(115, 'Gerardo Guarquez Vasquez', '10330485', 11, 'Domicilio de Sololá', '24.962 -85.627', 1),
	(116, 'Jorge Mario Chiroy Chopen', '58592945', 5, 'Domicilio de Sololá', '71.428 -23.774', 1),
	(117, 'Nicolas Cuc Meletz', '31581234', 5, 'Domicilio de Sololá', '60.295 -24.275', 1),
	(118, 'Andres Morales Bocel', '53780036', 8, 'Domicilio de Sololá', '09.629 -43.225', 1),
	(119, 'Alex Xoch', '57449029', 15, 'Domicilio de Sololá', '11.688 -27.275', 1),
	(120, 'Marcelino Palax Par', '31952320', 5, 'Domicilio de Sololá', '82.773 -57.251', 1),
	(121, 'Rolando Churunel Escuela', '09591948', 13, 'Domicilio de Sololá', '55.278 -78.983', 1),
	(122, 'Elias Guarcax Bixcul', '43880912', 12, 'Domicilio de Sololá', '44.745 -87.155', 1),
	(123, 'Jose Chiroy Panjoj', '16048361', 19, 'Domicilio de Sololá', '53.658 -98.468', 1),
	(124, 'Jorge Mario Morales Cosigua1', '94908750', 11, 'Domicilio de Sololá', '43.151 -51.721', 1),
	(125, 'Reinaldo Chiroy', '04607487', 1, 'Domicilio de Sololá', '92.605 -09.265', 1),
	(126, 'Teresa Pos Ajiquichi', '04575736', 10, 'Domicilio de Sololá', '59.468 -29.757', 1),
	(127, 'Maria Churunel Quisquina', '20454215', 19, 'Domicilio de Sololá', '89.122 -03.476', 1),
	(128, 'Simeon Ajquichi Cosigua', '21894841', 4, 'Domicilio de Sololá', '66.258 -65.068', 1),
	(129, 'Adicsa Tablon', '94347350', 16, 'Domicilio de Sololá', '11.053 -40.819', 1),
	(130, 'Hector Mendoza Tun', '19710586', 10, 'Domicilio de Sololá', '92.558 -82.523', 1),
	(131, 'Santiago Ajiquichi Santa Maria', '61912048', 13, 'Domicilio de Sololá', '97.990 -77.206', 1),
	(132, 'Mario Alfonso Mendoza', '51108428', 15, 'Domicilio de Sololá', '84.241 -86.031', 1),
	(133, 'Andres Chiroy Guarcax', '66333879', 15, 'Domicilio de Sololá', '38.437 -93.962', 1),
	(134, 'Josue Chiroy Guarcax', '98698538', 6, 'Domicilio de Sololá', '86.250 -24.691', 1),
	(135, 'Pedro Churunel', '44212780', 9, 'Domicilio de Sololá', '74.562 -32.802', 1),
	(136, 'Sandra Chiroy', '08501054', 13, 'Domicilio de Sololá', '21.391 -09.405', 1),
	(137, 'Antonio Panjoj Guarcax', '04794999', 1, 'Domicilio de Sololá', '34.768 -17.763', 1),
	(138, 'Profe Pedro Santa Maria', '30894785', 15, 'Domicilio de Sololá', '46.069 -42.312', 1),
	(139, 'Carlos Par Arca De Noe', '20571776', 17, 'Domicilio de Sololá', '87.554 -86.165', 1),
	(140, 'Pablo Mendoza Antena Morales', '26864970', 12, 'Domicilio de Sololá', '97.877 -69.460', 1),
	(141, 'Santos Morales Repetidora', '80590229', 18, 'Domicilio de Sololá', '78.628 -15.085', 1),
	(142, 'Alberto Panjoj Guarcax', '39187143', 17, 'Domicilio de Sololá', '86.977 -16.810', 1),
	(143, 'Eduardo Yaxon', '55106883', 14, 'Domicilio de Sololá', '58.894 -71.623', 1),
	(144, 'Juan Yaxon Morales', '88698359', 16, 'Domicilio de Sololá', '79.746 -32.804', 1),
	(145, 'Rolando Morales Repetidora', '07101140', 10, 'Domicilio de Sololá', '47.199 -90.277', 1),
	(146, 'Parroquia San Pablo', '69150003', 6, 'Domicilio de Sololá', '41.051 -41.560', 1),
	(147, 'Jose Raxtun', '81223977', 10, 'Domicilio de Sololá', '17.512 -06.545', 1),
	(148, 'Miguel Morales Guarcax', '28355105', 11, 'Domicilio de Sololá', '52.345 -10.143', 1),
	(149, 'Albino Coc Cosigua', '20475892', 19, 'Domicilio de Sololá', '62.084 -59.557', 1),
	(150, 'Jose Xep', '31525195', 5, 'Domicilio de Sololá', '98.611 -41.116', 1),
	(151, 'Baudilio Quisquina Palax', '26183366', 10, 'Domicilio de Sololá', '31.338 -34.292', 1),
	(152, 'Roselia Guit', '23214431', 14, 'Domicilio de Sololá', '70.116 -06.421', 1),
	(153, 'Teresa Cosigua Iboy', '75538298', 14, 'Domicilio de Sololá', '31.769 -72.204', 1),
	(154, 'Intercop Chuacruz', '15776920', 13, 'Domicilio de Sololá', '95.012 -90.170', 1),
	(155, 'Juan Luis Aju Mendoza', '11418705', 5, 'Domicilio de Sololá', '14.756 -40.065', 1),
	(156, 'Santos Ajcojom', '50471401', 11, 'Domicilio de Sololá', '78.171 -05.693', 1),
	(157, 'Rodrigo David Morales Mendoza', '89464835', 12, 'Domicilio de Sololá', '08.731 -16.402', 1),
	(158, 'Santos Tuy Ixtuc', '68528393', 7, 'Domicilio de Sololá', '74.853 -12.977', 1),
	(159, 'Henry Vicente Chavez', '90359491', 11, 'Domicilio de Sololá', '45.070 -61.900', 1),
	(160, 'Miguel Chiroy Morales', '32465341', 17, 'Domicilio de Sololá', '67.355 -22.594', 1),
	(161, 'Cristina Mendoza Tzaput', '33602654', 3, 'Domicilio de Sololá', '41.305 -05.047', 1),
	(162, 'Zucely Mendoza Alvarez', '64352763', 11, 'Domicilio de Sololá', '49.879 -05.185', 1),
	(163, 'Javier Chiroy Ben', '36215925', 18, 'Domicilio de Sololá', '47.322 -37.779', 1),
	(164, 'Links Sucursal', '80257131', 5, 'Domicilio de Sololá', '59.797 -65.582', 1),
	(165, 'Israel Geremias Guarcax Pablo', '93605857', 4, 'Domicilio de Sololá', '35.907 -35.901', 1),
	(166, 'Zacarias Chiroy Tuy', '48488689', 19, 'Domicilio de Sololá', '50.793 -22.099', 1),
	(167, 'Ernesto Panjoj Guarcax', '24383688', 8, 'Domicilio de Sololá', '94.586 -45.000', 1),
	(168, 'Cliente San Jorge', '75155290', 19, 'Domicilio de Sololá', '30.173 -26.022', 1),
	(169, 'Jaime Palax Churunel', '93556290', 13, 'Domicilio de Sololá', '18.234 -06.474', 1),
	(170, 'Margarito Palax Palax', '13144036', 6, 'Domicilio de Sololá', '28.670 -65.402', 1),
	(171, 'Antonio Palax Pecher', '40809917', 3, 'Domicilio de Sololá', '63.815 -31.239', 1),
	(172, 'Edy Eduardo Cosigua Meletz', '39282206', 4, 'Domicilio de Sololá', '44.551 -90.868', 1),
	(173, 'Jesus Xep Chumil', '56460855', 19, 'Domicilio de Sololá', '46.596 -70.434', 1),
	(174, 'Marcela Chiroy', '81273455', 19, 'Domicilio de Sololá', '82.464 -73.267', 1),
	(175, 'Cliente Cruz', '72922975', 15, 'Domicilio de Sololá', '76.282 -69.505', 1),
	(176, 'Conexion1', '46582651', 11, 'Domicilio de Sololá', '75.987 -40.518', 1),
	(177, 'David Ferre', '18493465', 13, 'Domicilio de Sololá', '26.602 -10.805', 1),
	(178, 'Cliente Tzaput', '41179135', 3, 'Domicilio de Sololá', '17.143 -74.497', 1),
	(179, 'Antonio Hiroy', '86070185', 13, 'Domicilio de Sololá', '54.737 -12.325', 1),
	(180, 'Santiago Palax Churunel', '39301019', 11, 'Domicilio de Sololá', '74.461 -07.747', 1),
	(181, 'Juan Morales Guarcax', '37877860', 2, 'Domicilio de Sololá', '11.516 -43.366', 1),
	(182, 'Mateo Xep Chumil', '41314830', 10, 'Domicilio de Sololá', '48.270 -36.663', 1),
	(183, 'Esteban Guarcax Cosigua', '62509991', 16, 'Domicilio de Sololá', '77.831 -06.963', 1),
	(184, 'Crecencio Chiroy Bocel', '38359755', 8, 'Domicilio de Sololá', '68.969 -65.657', 1),
	(185, 'Pedro Panjoj Guarcax', '03242550', 6, 'Domicilio de Sololá', '90.339 -95.559', 1),
	(186, 'Victoriano Guarcax Tzay', '06240687', 5, 'Domicilio de Sololá', '01.860 -67.222', 1),
	(187, 'Pablo Tuy', '37072806', 2, 'Domicilio de Sololá', '04.548 -40.896', 1),
	(188, 'Pedro Chiroy Bixcul', '49306600', 9, 'Domicilio de Sololá', '85.020 -07.576', 1),
	(189, 'Romeo Guarcax Panjoj', '11184797', 12, 'Domicilio de Sololá', '83.953 -02.094', 1),
	(190, 'Lidia Maribel Morales Guarcax', '77790870', 1, 'Domicilio de Sololá', '73.187 -26.638', 1),
	(191, 'Mario Morales Cutzal', '76754515', 13, 'Domicilio de Sololá', '95.001 -51.447', 1),
	(192, 'Marvin Topoz Ajpuac', '02725804', 15, 'Domicilio de Sololá', '98.064 -86.098', 1),
	(193, 'Julia Palax Churunel', '97460513', 6, 'Domicilio de Sololá', '24.811 -08.144', 1),
	(194, 'Cesar Artemio Chiroy Pablo', '04634352', 1, 'Domicilio de Sololá', '54.545 -49.666', 1),
	(195, 'Efrain Mendoza Xep', '98849389', 1, 'Domicilio de Sololá', '28.737 -97.372', 1),
	(196, 'Jose Morales Sicajau', '66018269', 11, 'Domicilio de Sololá', '66.417 -98.476', 1),
	(197, 'Fredy Ismael Guarcax Palax', '99592187', 18, 'Domicilio de Sololá', '76.555 -27.575', 1),
	(198, 'Violeta Lopez Lopez', '74964769', 7, 'Domicilio de Sololá', '87.775 -18.695', 1),
	(199, 'Mariano Chiroy Tuy', '71737132', 15, 'Domicilio de Sololá', '40.462 -62.257', 1),
	(200, 'Santos Churunel Morales', '04628750', 19, 'Domicilio de Sololá', '40.457 -21.231', 1),
	(201, 'Prueba Palax', '21393196', 1, 'Domicilio de Sololá', '49.201 -87.628', 1),
	(202, 'Marvin Quisquina Tuy', '57082200', 4, 'Domicilio de Sololá', '76.669 -03.522', 1),
	(203, 'Duglas López', '12345678', 1, 'Por ahí', '23.0494, -15.8474', 1);
/*!40000 ALTER TABLE `cliente` ENABLE KEYS */;

-- Volcando estructura para tabla links_db.contrato_servicio
CREATE TABLE IF NOT EXISTS `contrato_servicio` (
  `id_contrato_servicio` int NOT NULL AUTO_INCREMENT,
  `id_cliente` int NOT NULL,
  `fecha_contrato` date NOT NULL,
  `plan_contrato` varchar(50) CHARACTER SET utf8 COLLATE utf8_spanish_ci DEFAULT NULL,
  `estado_contrato` varchar(50) COLLATE utf8_spanish_ci NOT NULL DEFAULT '',
  `ip_asignada` varchar(45) COLLATE utf8_spanish_ci NOT NULL,
  PRIMARY KEY (`id_contrato_servicio`),
  KEY `cs_cliente_idx` (`id_cliente`),
  CONSTRAINT `cs_cliente_fk` FOREIGN KEY (`id_cliente`) REFERENCES `cliente` (`id_cliente`)
) ENGINE=InnoDB AUTO_INCREMENT=174 DEFAULT CHARSET=utf8 COLLATE=utf8_spanish_ci;

-- Volcando datos para la tabla links_db.contrato_servicio: ~170 rows (aproximadamente)
DELETE FROM `contrato_servicio`;
/*!40000 ALTER TABLE `contrato_servicio` DISABLE KEYS */;
INSERT INTO `contrato_servicio` (`id_contrato_servicio`, `id_cliente`, `fecha_contrato`, `plan_contrato`, `estado_contrato`, `ip_asignada`) VALUES
	(1, 34, '2021-08-19', 'ILIMITADO', 'Activo', '192.168.27.2'),
	(2, 35, '2015-11-06', 'ILIMITADO', 'Activo', '192.168.27.110'),
	(3, 36, '2010-05-20', '6M', 'Activo', '192.168.27.42'),
	(4, 37, '2003-12-16', '8M', 'Activo', '192.168.27.62'),
	(5, 38, '2009-03-03', '6M', 'Activo', '192.168.27.63'),
	(6, 39, '2006-07-27', '6M', 'Activo', '192.168.27.65'),
	(7, 40, '2010-07-11', '8M', 'Activo', '192.168.27.61'),
	(8, 41, '2021-10-17', '6M', 'Activo', '192.168.27.96'),
	(9, 42, '2015-07-08', '6M', 'Activo', '192.168.27.117'),
	(10, 43, '2011-12-05', '4M', 'Activo', '192.168.27.87'),
	(11, 44, '2008-08-24', '6M', 'Activo', '192.168.27.125'),
	(12, 45, '2011-04-20', '6M', 'Activo', '192.168.27.108'),
	(13, 46, '2005-04-17', '6M', 'Activo', '192.168.27.92'),
	(14, 47, '2003-11-28', '6M', 'Activo', '192.168.27.126'),
	(15, 48, '2010-01-20', '6M', 'Activo', '192.168.27.26'),
	(16, 49, '2007-01-03', '4M', 'Activo', '192.168.27.78'),
	(17, 50, '2010-08-08', '6M', 'Activo', '192.168.27.85'),
	(18, 51, '2005-01-07', '6M', 'Activo', '192.168.27.53'),
	(19, 52, '2000-07-08', '6M', 'Activo', '192.168.27.64'),
	(20, 53, '2003-09-27', '6M', 'Activo', '192.168.27.124'),
	(21, 54, '2018-05-25', '6M', 'Activo', '192.168.27.79'),
	(22, 55, '2015-11-08', '6M', 'Activo', '192.168.27.32'),
	(23, 56, '2007-09-21', '4M', 'Activo', '192.168.27.97'),
	(24, 57, '2001-04-16', '4M', 'Activo', '192.168.27.68'),
	(25, 58, '2005-10-19', '4M', 'Activo', '192.168.27.99'),
	(26, 59, '2000-11-12', '6M', 'Activo', '192.168.27.106'),
	(27, 60, '2021-06-05', '4M', 'Activo', '192.168.27.31'),
	(28, 61, '2009-09-24', '4M', 'Activo', '192.168.27.116'),
	(29, 62, '2017-11-21', '2M', 'Activo', '192.168.27.4'),
	(30, 63, '2017-07-25', '2M', 'Activo', '192.168.27.3'),
	(31, 64, '2003-07-10', '4M', 'Activo', '192.168.27.120'),
	(32, 65, '2000-11-08', '4M', 'Activo', '192.168.27.74'),
	(33, 66, '2005-01-04', '4M', 'Activo', '192.168.27.73'),
	(34, 67, '2008-10-04', '4M', 'Activo', '192.168.27.105'),
	(35, 68, '2011-03-09', '6M', 'Activo', '192.168.27.130'),
	(36, 69, '2013-02-26', '4M', 'Activo', '192.168.27.115'),
	(37, 70, '2015-04-24', '6M', 'Activo', '192.168.27.10'),
	(38, 71, '2014-01-03', '6M', 'Activo', '192.168.27.34'),
	(39, 72, '2011-01-02', '6M', 'Activo', '192.168.27.37'),
	(40, 73, '2014-02-01', '6M', 'Activo', '192.168.27.5'),
	(41, 74, '2014-11-22', '6M', 'Activo', '192.168.27.13'),
	(42, 75, '2018-06-22', '4M', 'Activo', '192.168.27.94'),
	(43, 76, '2003-09-23', '6M', 'Activo', '192.168.27.24'),
	(44, 77, '2002-02-19', '6M', 'Activo', '192.168.27.91'),
	(45, 78, '2000-03-11', '4M', 'Activo', '192.168.27.98'),
	(46, 79, '2017-12-04', '6M', 'Activo', '192.168.27.49'),
	(47, 80, '2014-11-01', '6M', 'Activo', '192.168.27.72'),
	(48, 81, '2014-05-25', '6M', 'Activo', '192.168.27.41'),
	(49, 82, '2010-05-15', '4M', 'Activo', '192.168.27.93'),
	(50, 83, '2015-02-27', '6M', 'Activo', '192.168.27.89'),
	(51, 84, '2015-04-13', '6M', 'Activo', '192.168.27.52'),
	(52, 85, '2019-10-21', '6M', 'Activo', '192.168.27.56'),
	(53, 86, '2021-04-12', '6M', 'Activo', '192.168.27.58'),
	(54, 87, '2004-04-02', '6M', 'Activo', '192.168.27.50'),
	(55, 88, '2020-05-26', '6M', 'Activo', '192.168.27.33'),
	(56, 89, '2009-06-16', '6M', 'Activo', '192.168.27.69'),
	(57, 90, '2021-12-05', '6M', 'Activo', '192.168.27.39'),
	(58, 91, '2004-01-07', '6M', 'Activo', '192.168.27.46'),
	(59, 92, '2010-02-25', '6M', 'Activo', '192.168.27.38'),
	(60, 93, '2011-11-26', '6M', 'Activo', '192.168.27.83'),
	(61, 94, '2001-11-12', '6M', 'Activo', '192.168.27.118'),
	(62, 95, '2009-04-04', '6M', 'Activo', '192.168.27.66'),
	(63, 96, '2007-05-02', '6M', 'Activo', '192.168.27.59'),
	(64, 97, '2006-07-07', '4M', 'Activo', '192.168.27.114'),
	(65, 98, '2004-05-06', '6M', 'Activo', '192.168.27.71'),
	(66, 99, '2000-02-25', '4M', 'Activo', '192.168.27.113'),
	(67, 100, '2008-09-18', '6M', 'Activo', '192.168.27.109'),
	(68, 101, '2004-02-11', '6M', 'Activo', '192.168.27.40'),
	(69, 102, '2000-12-27', '6M', 'Activo', '192.168.27.76'),
	(70, 103, '2016-12-06', '6M', 'Activo', '192.168.27.81'),
	(71, 104, '2005-06-03', '6M', 'Activo', '192.168.27.95'),
	(72, 105, '2012-09-07', '6M', 'Activo', '192.168.27.19'),
	(73, 106, '2010-08-12', '6M', 'Activo', '192.168.27.20'),
	(74, 107, '2009-10-24', '8M', 'Activo', '192.168.27.22'),
	(75, 108, '2010-07-24', '6M', 'Activo', '192.168.27.21'),
	(76, 109, '2016-03-02', '6M', 'Activo', '192.168.27.27'),
	(77, 110, '2015-06-20', '6M', 'Activo', '192.168.27.119'),
	(78, 111, '2010-06-13', '6M', 'Activo', '192.168.27.90'),
	(79, 112, '2005-12-04', '6M', 'Activo', '192.168.27.44'),
	(80, 113, '2021-09-24', '6M', 'Activo', '192.168.27.47'),
	(81, 114, '2002-03-16', '4M', 'Activo', '192.168.27.107'),
	(82, 115, '2021-05-15', '6M', 'Activo', '192.168.27.43'),
	(83, 116, '2010-11-16', '4M', 'Activo', '192.168.27.123'),
	(84, 117, '2015-05-20', '6M', 'Activo', '192.168.27.75'),
	(85, 118, '2010-04-08', '6M', 'Activo', '192.168.27.121'),
	(86, 119, '2021-06-04', '6M', 'Activo', '192.168.27.57'),
	(87, 120, '2011-05-20', '6M', 'Activo', '192.168.27.86'),
	(88, 121, '2013-05-05', '6M', 'Activo', '192.168.27.16'),
	(89, 122, '2000-05-20', '6M', 'Activo', '192.168.27.51'),
	(90, 123, '2012-05-25', '6M', 'Activo', '192.168.27.28'),
	(91, 124, '2010-12-12', '6M', 'Activo', '192.168.27.139'),
	(92, 125, '2007-03-19', '12M', 'Activo', '192.168.27.102'),
	(93, 126, '2005-07-05', '6M', 'Activo', '192.168.27.127'),
	(94, 127, '2003-05-10', '6M', 'Activo', '192.168.27.104'),
	(95, 128, '2021-09-14', '4M', 'Activo', '192.168.27.103'),
	(96, 129, '2001-09-14', '6M', 'Activo', '192.168.27.23'),
	(97, 130, '2002-05-05', '6M', 'Activo', '192.168.27.80'),
	(98, 131, '2002-01-04', '4M', 'Activo', '192.168.27.7'),
	(99, 132, '2006-12-19', '6M', 'Activo', '192.168.27.12'),
	(100, 133, '2019-10-23', '6M', 'Activo', '192.168.27.14'),
	(101, 134, '2003-02-12', '6M', 'Activo', '192.168.27.15'),
	(102, 135, '2019-01-16', '8M', 'Activo', '192.168.27.25'),
	(103, 136, '2001-11-20', '6M', 'Activo', '192.168.27.29'),
	(104, 137, '2012-08-22', '6M', 'Activo', '192.168.27.30'),
	(105, 138, '2010-12-23', '6M', 'Activo', '192.168.27.55'),
	(106, 139, '2016-06-15', '6M', 'Activo', '192.168.27.67'),
	(107, 140, '2011-11-28', '4M', 'Activo', '192.168.27.88'),
	(108, 141, '2016-02-25', '6M', 'Activo', '192.168.27.112'),
	(109, 142, '2012-03-19', '4M', 'Activo', '192.168.27.140'),
	(110, 143, '2000-06-10', '6M', 'Activo', '192.168.27.9'),
	(111, 144, '2004-06-12', '6M', 'Activo', '192.168.27.77'),
	(112, 145, '2001-09-21', '6M', 'Activo', '192.168.27.48'),
	(113, 146, '2003-12-19', '6M', 'Activo', '192.168.27.8'),
	(114, 147, '2008-02-19', '6M', 'Activo', '192.168.27.18'),
	(115, 148, '2000-07-20', '6M', 'Activo', '192.168.27.122'),
	(116, 149, '2000-05-14', '6M', 'Activo', '192.168.27.128'),
	(117, 150, '2006-05-20', '6M', 'Activo', '192.168.27.129'),
	(118, 151, '2012-11-27', '6M', 'Activo', '192.168.27.133'),
	(119, 152, '2008-05-21', '4M', 'Activo', '192.168.27.134'),
	(120, 153, '2014-01-08', '4M', 'Activo', '192.168.27.135'),
	(121, 154, '2009-05-16', '6M', 'Activo', '192.168.27.136'),
	(122, 155, '2001-02-09', '6M', 'Activo', '192.168.27.137'),
	(123, 156, '2017-07-07', '6M', 'Activo', '192.168.27.45'),
	(124, 157, '2017-10-08', '4M', 'Activo', '192.168.27.138'),
	(125, 158, '2021-08-15', '6M', 'Activo', '192.168.27.141'),
	(126, 159, '2002-01-16', '4M', 'Activo', '192.168.27.6'),
	(127, 160, '2002-01-14', '6M', 'Activo', '192.168.27.17'),
	(128, 161, '2009-08-17', '6M', 'Activo', '192.168.27.11'),
	(129, 162, '2004-07-12', '6M', 'Activo', '192.168.27.35'),
	(130, 163, '2006-07-28', '6M', 'Activo', '192.168.27.36'),
	(131, 164, '2011-10-06', '12M', 'Activo', '192.168.27.100'),
	(132, 165, '2004-10-05', '6M', 'Activo', '192.168.27.150'),
	(133, 166, '2014-04-24', '6M', 'Activo', '192.168.27.60'),
	(134, 167, '2021-05-14', '2M', 'Activo', '192.168.27.70'),
	(135, 168, '2020-03-01', '4M', 'Activo', '192.168.27.54'),
	(136, 169, '2010-11-28', '6M', 'Activo', '192.168.27.82'),
	(137, 170, '2010-11-13', '6M', 'Activo', '192.168.27.84'),
	(138, 171, '2007-09-03', '6M', 'Activo', '192.168.27.142'),
	(139, 172, '2012-04-20', '6M', 'Activo', '192.168.27.101'),
	(140, 173, '2010-09-08', '4M', 'Activo', '192.168.27.111'),
	(141, 174, '2021-02-16', '6M', 'Activo', '192.168.27.144'),
	(142, 175, '2012-09-12', '4M', 'Activo', '192.168.27.145'),
	(143, 176, '2011-11-06', 'ILIMITADO', 'Activo', '192.168.27.254'),
	(144, 177, '2002-05-21', '10M', 'Activo', '192.168.27.147'),
	(145, 178, '2001-11-06', '6M', 'Activo', '192.168.27.151'),
	(146, 179, '2000-11-07', '4M', 'Activo', '192.168.27.148'),
	(147, 180, '2013-01-05', '4M', 'Activo', '192.168.27.149'),
	(148, 181, '2005-06-06', '6M', 'Activo', '192.168.27.152'),
	(149, 182, '2007-01-15', '6M', 'Activo', '192.168.27.153'),
	(150, 183, '2019-06-21', '6M', 'Activo', '192.168.27.154'),
	(151, 184, '2017-05-04', '6M', 'Activo', '192.168.27.131'),
	(152, 185, '2015-02-22', '4M', 'Activo', '192.168.27.132'),
	(153, 186, '2004-03-13', '6M', 'Activo', '192.168.27.143'),
	(154, 187, '2014-05-06', '6M', 'Activo', '192.168.27.146'),
	(155, 188, '2019-02-24', '6M', 'Activo', '192.168.27.155'),
	(156, 189, '2015-07-02', '6M', 'Activo', '192.168.27.157'),
	(157, 190, '2011-12-05', '4M', 'Activo', '192.168.27.156'),
	(158, 191, '2000-08-04', '6M', 'Activo', '192.168.27.158'),
	(159, 192, '2001-11-04', '6M', 'Activo', '192.168.27.159'),
	(160, 193, '2000-05-24', '4M', 'Activo', '192.168.27.160'),
	(161, 194, '2001-06-08', '4M', 'Activo', '192.168.27.161'),
	(162, 195, '2006-11-18', '6M', 'Activo', '192.168.27.162'),
	(163, 196, '2015-05-28', '6M', 'Activo', '192.168.27.163'),
	(164, 197, '2014-01-02', '4M', 'Activo', '192.168.27.164'),
	(165, 198, '2013-03-15', '6M', 'Activo', '192.168.27.165'),
	(166, 199, '2020-04-17', '6M', 'Activo', '192.168.27.166'),
	(167, 200, '2005-11-23', '4M', 'Activo', '192.168.27.167'),
	(168, 201, '2001-08-02', '6M', 'Activo', '192.168.27.168'),
	(169, 202, '2005-06-27', '4M', 'Activo', '192.168.27.169'),
	(170, 203, '2021-10-08', '2M', 'Activo', '192.168.27.170');
/*!40000 ALTER TABLE `contrato_servicio` ENABLE KEYS */;

-- Volcando estructura para tabla links_db.departamento
CREATE TABLE IF NOT EXISTS `departamento` (
  `id_departamento` int NOT NULL AUTO_INCREMENT,
  `nombre_departamento` varchar(50) CHARACTER SET utf8 COLLATE utf8_spanish_ci NOT NULL,
  PRIMARY KEY (`id_departamento`)
) ENGINE=InnoDB AUTO_INCREMENT=2 DEFAULT CHARSET=utf8 COLLATE=utf8_spanish_ci;

-- Volcando datos para la tabla links_db.departamento: ~0 rows (aproximadamente)
DELETE FROM `departamento`;
/*!40000 ALTER TABLE `departamento` DISABLE KEYS */;
INSERT INTO `departamento` (`id_departamento`, `nombre_departamento`) VALUES
	(1, 'Sololá');
/*!40000 ALTER TABLE `departamento` ENABLE KEYS */;

-- Volcando estructura para tabla links_db.detalle_factura
CREATE TABLE IF NOT EXISTS `detalle_factura` (
  `id_detalle_factura` int NOT NULL AUTO_INCREMENT,
  `id_factura` int NOT NULL,
  `cantidad` int DEFAULT NULL,
  `id_producto_servicio` int NOT NULL,
  `precio` decimal(7,2) NOT NULL,
  `mes_pagado` varchar(45) CHARACTER SET utf8 COLLATE utf8_spanish_ci NOT NULL,
  PRIMARY KEY (`id_detalle_factura`),
  KEY `df_factura_idx` (`id_factura`),
  KEY `df_producto_servicio_idx` (`id_producto_servicio`),
  CONSTRAINT `df_factura_fk` FOREIGN KEY (`id_factura`) REFERENCES `factura` (`idfactura`),
  CONSTRAINT `df_producto_servicio_fk` FOREIGN KEY (`id_producto_servicio`) REFERENCES `producto_servicio` (`id_producto_servicio`)
) ENGINE=InnoDB AUTO_INCREMENT=1677 DEFAULT CHARSET=utf8 COLLATE=utf8_spanish_ci;

-- Volcando datos para la tabla links_db.detalle_factura: ~1,494 rows (aproximadamente)
DELETE FROM `detalle_factura`;
/*!40000 ALTER TABLE `detalle_factura` DISABLE KEYS */;
INSERT INTO `detalle_factura` (`id_detalle_factura`, `id_factura`, `cantidad`, `id_producto_servicio`, `precio`, `mes_pagado`) VALUES
	(1, 7, 1, 10, 200.00, 'Enero'),
	(2, 8, 1, 10, 300.00, 'Enero'),
	(3, 9, 1, 10, 200.00, 'Enero'),
	(4, 10, 1, 10, 200.00, 'Enero'),
	(5, 11, 1, 10, 300.00, 'Enero'),
	(6, 12, 1, 10, 200.00, 'Enero'),
	(7, 13, 1, 10, 200.00, 'Enero'),
	(8, 14, 1, 10, 150.00, 'Enero'),
	(9, 15, 1, 10, 200.00, 'Enero'),
	(10, 16, 1, 10, 200.00, 'Enero'),
	(11, 17, 1, 10, 200.00, 'Enero'),
	(12, 18, 1, 10, 200.00, 'Enero'),
	(13, 19, 1, 10, 200.00, 'Enero'),
	(14, 20, 1, 10, 150.00, 'Enero'),
	(15, 21, 1, 10, 200.00, 'Enero'),
	(16, 22, 1, 10, 200.00, 'Enero'),
	(17, 23, 1, 10, 200.00, 'Enero'),
	(18, 24, 1, 10, 200.00, 'Enero'),
	(19, 25, 1, 10, 200.00, 'Enero'),
	(20, 26, 1, 10, 200.00, 'Enero'),
	(21, 27, 1, 10, 150.00, 'Enero'),
	(22, 28, 1, 10, 150.00, 'Enero'),
	(23, 29, 1, 10, 150.00, 'Enero'),
	(24, 30, 1, 10, 200.00, 'Enero'),
	(25, 31, 1, 10, 150.00, 'Enero'),
	(26, 32, 1, 10, 150.00, 'Enero'),
	(27, 33, 1, 10, 100.00, 'Enero'),
	(28, 34, 1, 10, 100.00, 'Enero'),
	(29, 35, 1, 10, 150.00, 'Enero'),
	(30, 36, 1, 10, 150.00, 'Enero'),
	(31, 37, 1, 10, 150.00, 'Enero'),
	(32, 38, 1, 10, 150.00, 'Enero'),
	(33, 39, 1, 10, 200.00, 'Enero'),
	(34, 40, 1, 10, 150.00, 'Enero'),
	(35, 41, 1, 10, 200.00, 'Enero'),
	(36, 42, 1, 10, 200.00, 'Enero'),
	(37, 43, 1, 10, 200.00, 'Enero'),
	(38, 44, 1, 10, 200.00, 'Enero'),
	(39, 45, 1, 10, 200.00, 'Enero'),
	(40, 46, 1, 10, 150.00, 'Enero'),
	(41, 47, 1, 10, 200.00, 'Enero'),
	(42, 48, 1, 10, 200.00, 'Enero'),
	(43, 49, 1, 10, 150.00, 'Enero'),
	(44, 50, 1, 10, 200.00, 'Enero'),
	(45, 51, 1, 10, 200.00, 'Enero'),
	(46, 52, 1, 10, 200.00, 'Enero'),
	(47, 53, 1, 10, 150.00, 'Enero'),
	(48, 54, 1, 10, 200.00, 'Enero'),
	(49, 55, 1, 10, 200.00, 'Enero'),
	(50, 56, 1, 10, 200.00, 'Enero'),
	(51, 57, 1, 10, 200.00, 'Enero'),
	(52, 58, 1, 10, 200.00, 'Enero'),
	(53, 59, 1, 10, 200.00, 'Enero'),
	(54, 60, 1, 10, 200.00, 'Enero'),
	(55, 61, 1, 10, 200.00, 'Enero'),
	(56, 62, 1, 10, 200.00, 'Enero'),
	(57, 63, 1, 10, 200.00, 'Enero'),
	(58, 64, 1, 10, 200.00, 'Enero'),
	(59, 65, 1, 10, 200.00, 'Enero'),
	(60, 66, 1, 10, 200.00, 'Enero'),
	(61, 67, 1, 10, 200.00, 'Enero'),
	(62, 68, 1, 10, 150.00, 'Enero'),
	(63, 69, 1, 10, 200.00, 'Enero'),
	(64, 70, 1, 10, 150.00, 'Enero'),
	(65, 71, 1, 10, 200.00, 'Enero'),
	(66, 72, 1, 10, 200.00, 'Enero'),
	(67, 73, 1, 10, 200.00, 'Enero'),
	(68, 74, 1, 10, 200.00, 'Enero'),
	(69, 75, 1, 10, 200.00, 'Enero'),
	(70, 76, 1, 10, 200.00, 'Enero'),
	(71, 77, 1, 10, 200.00, 'Enero'),
	(72, 78, 1, 10, 300.00, 'Enero'),
	(73, 79, 1, 10, 200.00, 'Enero'),
	(74, 80, 1, 10, 200.00, 'Enero'),
	(75, 81, 1, 10, 200.00, 'Enero'),
	(76, 82, 1, 10, 200.00, 'Enero'),
	(77, 83, 1, 10, 200.00, 'Enero'),
	(78, 84, 1, 10, 200.00, 'Enero'),
	(79, 85, 1, 10, 150.00, 'Enero'),
	(80, 86, 1, 10, 200.00, 'Enero'),
	(81, 87, 1, 10, 150.00, 'Enero'),
	(82, 88, 1, 10, 200.00, 'Enero'),
	(83, 89, 1, 10, 200.00, 'Enero'),
	(84, 90, 1, 10, 200.00, 'Enero'),
	(85, 91, 1, 10, 200.00, 'Enero'),
	(86, 92, 1, 10, 200.00, 'Enero'),
	(87, 93, 1, 10, 200.00, 'Enero'),
	(88, 94, 1, 10, 200.00, 'Enero'),
	(89, 95, 1, 10, 200.00, 'Enero'),
	(90, 96, 1, 10, 475.00, 'Enero'),
	(91, 97, 1, 10, 200.00, 'Enero'),
	(92, 98, 1, 10, 200.00, 'Enero'),
	(93, 99, 1, 10, 150.00, 'Enero'),
	(94, 100, 1, 10, 200.00, 'Enero'),
	(95, 101, 1, 10, 200.00, 'Enero'),
	(96, 102, 1, 10, 150.00, 'Enero'),
	(97, 103, 1, 10, 200.00, 'Enero'),
	(98, 104, 1, 10, 200.00, 'Enero'),
	(99, 105, 1, 10, 200.00, 'Enero'),
	(100, 106, 1, 10, 300.00, 'Enero'),
	(101, 107, 1, 10, 200.00, 'Enero'),
	(102, 108, 1, 10, 200.00, 'Enero'),
	(103, 109, 1, 10, 200.00, 'Enero'),
	(104, 110, 1, 10, 200.00, 'Enero'),
	(105, 111, 1, 10, 150.00, 'Enero'),
	(106, 112, 1, 10, 200.00, 'Enero'),
	(107, 113, 1, 10, 150.00, 'Enero'),
	(108, 114, 1, 10, 200.00, 'Enero'),
	(109, 115, 1, 10, 200.00, 'Enero'),
	(110, 116, 1, 10, 200.00, 'Enero'),
	(111, 117, 1, 10, 200.00, 'Enero'),
	(112, 118, 1, 10, 200.00, 'Enero'),
	(113, 119, 1, 10, 200.00, 'Enero'),
	(114, 120, 1, 10, 200.00, 'Enero'),
	(115, 121, 1, 10, 200.00, 'Enero'),
	(116, 122, 1, 10, 200.00, 'Enero'),
	(117, 123, 1, 10, 150.00, 'Enero'),
	(118, 124, 1, 10, 150.00, 'Enero'),
	(119, 125, 1, 10, 200.00, 'Enero'),
	(120, 126, 1, 10, 200.00, 'Enero'),
	(121, 127, 1, 10, 200.00, 'Enero'),
	(122, 128, 1, 10, 150.00, 'Enero'),
	(123, 129, 1, 10, 200.00, 'Enero'),
	(124, 130, 1, 10, 150.00, 'Enero'),
	(125, 131, 1, 10, 200.00, 'Enero'),
	(126, 132, 1, 10, 200.00, 'Enero'),
	(127, 133, 1, 10, 200.00, 'Enero'),
	(128, 134, 1, 10, 200.00, 'Enero'),
	(129, 135, 1, 10, 475.00, 'Enero'),
	(130, 136, 1, 10, 200.00, 'Enero'),
	(131, 137, 1, 10, 200.00, 'Enero'),
	(132, 138, 1, 10, 100.00, 'Enero'),
	(133, 139, 1, 10, 150.00, 'Enero'),
	(134, 140, 1, 10, 200.00, 'Enero'),
	(135, 141, 1, 10, 200.00, 'Enero'),
	(136, 142, 1, 10, 200.00, 'Enero'),
	(137, 143, 1, 10, 200.00, 'Enero'),
	(138, 144, 1, 10, 150.00, 'Enero'),
	(139, 145, 1, 10, 200.00, 'Enero'),
	(140, 146, 1, 10, 150.00, 'Enero'),
	(141, 148, 1, 10, 375.00, 'Enero'),
	(142, 149, 1, 10, 200.00, 'Enero'),
	(143, 150, 1, 10, 150.00, 'Enero'),
	(144, 151, 1, 10, 150.00, 'Enero'),
	(145, 152, 1, 10, 200.00, 'Enero'),
	(146, 153, 1, 10, 200.00, 'Enero'),
	(147, 154, 1, 10, 200.00, 'Enero'),
	(148, 155, 1, 10, 200.00, 'Enero'),
	(149, 156, 1, 10, 150.00, 'Enero'),
	(150, 157, 1, 10, 200.00, 'Enero'),
	(151, 158, 1, 10, 200.00, 'Enero'),
	(152, 159, 1, 10, 200.00, 'Enero'),
	(153, 160, 1, 10, 200.00, 'Enero'),
	(154, 161, 1, 10, 150.00, 'Enero'),
	(155, 162, 1, 10, 200.00, 'Enero'),
	(156, 163, 1, 10, 200.00, 'Enero'),
	(157, 164, 1, 10, 150.00, 'Enero'),
	(158, 165, 1, 10, 150.00, 'Enero'),
	(159, 166, 1, 10, 200.00, 'Enero'),
	(160, 167, 1, 10, 200.00, 'Enero'),
	(161, 168, 1, 10, 150.00, 'Enero'),
	(162, 169, 1, 10, 200.00, 'Enero'),
	(163, 170, 1, 10, 200.00, 'Enero'),
	(164, 171, 1, 10, 150.00, 'Enero'),
	(165, 172, 1, 10, 200.00, 'Enero'),
	(166, 173, 1, 10, 150.00, 'Enero'),
	(167, 176, 1, 10, 200.00, 'Febrero'),
	(168, 177, 1, 10, 300.00, 'Febrero'),
	(169, 178, 1, 10, 200.00, 'Febrero'),
	(170, 179, 1, 10, 200.00, 'Febrero'),
	(171, 180, 1, 10, 300.00, 'Febrero'),
	(172, 181, 1, 10, 200.00, 'Febrero'),
	(173, 182, 1, 10, 200.00, 'Febrero'),
	(174, 183, 1, 10, 150.00, 'Febrero'),
	(175, 184, 1, 10, 200.00, 'Febrero'),
	(176, 185, 1, 10, 200.00, 'Febrero'),
	(177, 186, 1, 10, 200.00, 'Febrero'),
	(178, 187, 1, 10, 200.00, 'Febrero'),
	(179, 188, 1, 10, 200.00, 'Febrero'),
	(180, 189, 1, 10, 150.00, 'Febrero'),
	(181, 190, 1, 10, 200.00, 'Febrero'),
	(182, 191, 1, 10, 200.00, 'Febrero'),
	(183, 192, 1, 10, 200.00, 'Febrero'),
	(184, 193, 1, 10, 200.00, 'Febrero'),
	(185, 194, 1, 10, 200.00, 'Febrero'),
	(186, 195, 1, 10, 200.00, 'Febrero'),
	(187, 196, 1, 10, 150.00, 'Febrero'),
	(188, 197, 1, 10, 150.00, 'Febrero'),
	(189, 198, 1, 10, 150.00, 'Febrero'),
	(190, 199, 1, 10, 200.00, 'Febrero'),
	(191, 200, 1, 10, 150.00, 'Febrero'),
	(192, 201, 1, 10, 150.00, 'Febrero'),
	(193, 202, 1, 10, 100.00, 'Febrero'),
	(194, 203, 1, 10, 100.00, 'Febrero'),
	(195, 204, 1, 10, 150.00, 'Febrero'),
	(196, 205, 1, 10, 150.00, 'Febrero'),
	(197, 206, 1, 10, 150.00, 'Febrero'),
	(198, 207, 1, 10, 150.00, 'Febrero'),
	(199, 208, 1, 10, 200.00, 'Febrero'),
	(200, 209, 1, 10, 150.00, 'Febrero'),
	(201, 210, 1, 10, 200.00, 'Febrero'),
	(202, 211, 1, 10, 200.00, 'Febrero'),
	(203, 212, 1, 10, 200.00, 'Febrero'),
	(204, 213, 1, 10, 200.00, 'Febrero'),
	(205, 214, 1, 10, 200.00, 'Febrero'),
	(206, 215, 1, 10, 150.00, 'Febrero'),
	(207, 216, 1, 10, 200.00, 'Febrero'),
	(208, 217, 1, 10, 200.00, 'Febrero'),
	(209, 218, 1, 10, 150.00, 'Febrero'),
	(210, 219, 1, 10, 200.00, 'Febrero'),
	(211, 220, 1, 10, 200.00, 'Febrero'),
	(212, 221, 1, 10, 200.00, 'Febrero'),
	(213, 222, 1, 10, 150.00, 'Febrero'),
	(214, 223, 1, 10, 200.00, 'Febrero'),
	(215, 224, 1, 10, 200.00, 'Febrero'),
	(216, 225, 1, 10, 200.00, 'Febrero'),
	(217, 226, 1, 10, 200.00, 'Febrero'),
	(218, 227, 1, 10, 200.00, 'Febrero'),
	(219, 228, 1, 10, 200.00, 'Febrero'),
	(220, 229, 1, 10, 200.00, 'Febrero'),
	(221, 230, 1, 10, 200.00, 'Febrero'),
	(222, 231, 1, 10, 200.00, 'Febrero'),
	(223, 232, 1, 10, 200.00, 'Febrero'),
	(224, 233, 1, 10, 200.00, 'Febrero'),
	(225, 234, 1, 10, 200.00, 'Febrero'),
	(226, 235, 1, 10, 200.00, 'Febrero'),
	(227, 236, 1, 10, 200.00, 'Febrero'),
	(228, 237, 1, 10, 150.00, 'Febrero'),
	(229, 238, 1, 10, 200.00, 'Febrero'),
	(230, 239, 1, 10, 150.00, 'Febrero'),
	(231, 240, 1, 10, 200.00, 'Febrero'),
	(232, 241, 1, 10, 200.00, 'Febrero'),
	(233, 242, 1, 10, 200.00, 'Febrero'),
	(234, 243, 1, 10, 200.00, 'Febrero'),
	(235, 244, 1, 10, 200.00, 'Febrero'),
	(236, 245, 1, 10, 200.00, 'Febrero'),
	(237, 246, 1, 10, 200.00, 'Febrero'),
	(238, 247, 1, 10, 300.00, 'Febrero'),
	(239, 248, 1, 10, 200.00, 'Febrero'),
	(240, 249, 1, 10, 200.00, 'Febrero'),
	(241, 250, 1, 10, 200.00, 'Febrero'),
	(242, 251, 1, 10, 200.00, 'Febrero'),
	(243, 252, 1, 10, 200.00, 'Febrero'),
	(244, 253, 1, 10, 200.00, 'Febrero'),
	(245, 254, 1, 10, 150.00, 'Febrero'),
	(246, 255, 1, 10, 200.00, 'Febrero'),
	(247, 256, 1, 10, 150.00, 'Febrero'),
	(248, 257, 1, 10, 200.00, 'Febrero'),
	(249, 258, 1, 10, 200.00, 'Febrero'),
	(250, 259, 1, 10, 200.00, 'Febrero'),
	(251, 260, 1, 10, 200.00, 'Febrero'),
	(252, 261, 1, 10, 200.00, 'Febrero'),
	(253, 262, 1, 10, 200.00, 'Febrero'),
	(254, 263, 1, 10, 200.00, 'Febrero'),
	(255, 264, 1, 10, 200.00, 'Febrero'),
	(256, 265, 1, 10, 475.00, 'Febrero'),
	(257, 266, 1, 10, 200.00, 'Febrero'),
	(258, 267, 1, 10, 200.00, 'Febrero'),
	(259, 268, 1, 10, 150.00, 'Febrero'),
	(260, 269, 1, 10, 200.00, 'Febrero'),
	(261, 270, 1, 10, 200.00, 'Febrero'),
	(262, 271, 1, 10, 150.00, 'Febrero'),
	(263, 272, 1, 10, 200.00, 'Febrero'),
	(264, 273, 1, 10, 200.00, 'Febrero'),
	(265, 274, 1, 10, 200.00, 'Febrero'),
	(266, 275, 1, 10, 300.00, 'Febrero'),
	(267, 276, 1, 10, 200.00, 'Febrero'),
	(268, 277, 1, 10, 200.00, 'Febrero'),
	(269, 278, 1, 10, 200.00, 'Febrero'),
	(270, 279, 1, 10, 200.00, 'Febrero'),
	(271, 280, 1, 10, 150.00, 'Febrero'),
	(272, 281, 1, 10, 200.00, 'Febrero'),
	(273, 282, 1, 10, 150.00, 'Febrero'),
	(274, 283, 1, 10, 200.00, 'Febrero'),
	(275, 284, 1, 10, 200.00, 'Febrero'),
	(276, 285, 1, 10, 200.00, 'Febrero'),
	(277, 286, 1, 10, 200.00, 'Febrero'),
	(278, 287, 1, 10, 200.00, 'Febrero'),
	(279, 288, 1, 10, 200.00, 'Febrero'),
	(280, 289, 1, 10, 200.00, 'Febrero'),
	(281, 290, 1, 10, 200.00, 'Febrero'),
	(282, 291, 1, 10, 200.00, 'Febrero'),
	(283, 292, 1, 10, 150.00, 'Febrero'),
	(284, 293, 1, 10, 150.00, 'Febrero'),
	(285, 294, 1, 10, 200.00, 'Febrero'),
	(286, 295, 1, 10, 200.00, 'Febrero'),
	(287, 296, 1, 10, 200.00, 'Febrero'),
	(288, 297, 1, 10, 150.00, 'Febrero'),
	(289, 298, 1, 10, 200.00, 'Febrero'),
	(290, 299, 1, 10, 150.00, 'Febrero'),
	(291, 300, 1, 10, 200.00, 'Febrero'),
	(292, 301, 1, 10, 200.00, 'Febrero'),
	(293, 302, 1, 10, 200.00, 'Febrero'),
	(294, 303, 1, 10, 200.00, 'Febrero'),
	(295, 304, 1, 10, 475.00, 'Febrero'),
	(296, 305, 1, 10, 200.00, 'Febrero'),
	(297, 306, 1, 10, 200.00, 'Febrero'),
	(298, 307, 1, 10, 100.00, 'Febrero'),
	(299, 308, 1, 10, 150.00, 'Febrero'),
	(300, 309, 1, 10, 200.00, 'Febrero'),
	(301, 310, 1, 10, 200.00, 'Febrero'),
	(302, 311, 1, 10, 200.00, 'Febrero'),
	(303, 312, 1, 10, 200.00, 'Febrero'),
	(304, 313, 1, 10, 150.00, 'Febrero'),
	(305, 314, 1, 10, 200.00, 'Febrero'),
	(306, 315, 1, 10, 150.00, 'Febrero'),
	(307, 317, 1, 10, 375.00, 'Febrero'),
	(308, 318, 1, 10, 200.00, 'Febrero'),
	(309, 319, 1, 10, 150.00, 'Febrero'),
	(310, 320, 1, 10, 150.00, 'Febrero'),
	(311, 321, 1, 10, 200.00, 'Febrero'),
	(312, 322, 1, 10, 200.00, 'Febrero'),
	(313, 323, 1, 10, 200.00, 'Febrero'),
	(314, 324, 1, 10, 200.00, 'Febrero'),
	(315, 325, 1, 10, 150.00, 'Febrero'),
	(316, 326, 1, 10, 200.00, 'Febrero'),
	(317, 327, 1, 10, 200.00, 'Febrero'),
	(318, 328, 1, 10, 200.00, 'Febrero'),
	(319, 329, 1, 10, 200.00, 'Febrero'),
	(320, 330, 1, 10, 150.00, 'Febrero'),
	(321, 331, 1, 10, 200.00, 'Febrero'),
	(322, 332, 1, 10, 200.00, 'Febrero'),
	(323, 333, 1, 10, 150.00, 'Febrero'),
	(324, 334, 1, 10, 150.00, 'Febrero'),
	(325, 335, 1, 10, 200.00, 'Febrero'),
	(326, 336, 1, 10, 200.00, 'Febrero'),
	(327, 337, 1, 10, 150.00, 'Febrero'),
	(328, 338, 1, 10, 200.00, 'Febrero'),
	(329, 339, 1, 10, 200.00, 'Febrero'),
	(330, 340, 1, 10, 150.00, 'Febrero'),
	(331, 341, 1, 10, 200.00, 'Febrero'),
	(332, 342, 1, 10, 150.00, 'Febrero'),
	(333, 345, 1, 10, 200.00, 'Marzo'),
	(334, 346, 1, 10, 300.00, 'Marzo'),
	(335, 347, 1, 10, 200.00, 'Marzo'),
	(336, 348, 1, 10, 200.00, 'Marzo'),
	(337, 349, 1, 10, 300.00, 'Marzo'),
	(338, 350, 1, 10, 200.00, 'Marzo'),
	(339, 351, 1, 10, 200.00, 'Marzo'),
	(340, 352, 1, 10, 150.00, 'Marzo'),
	(341, 353, 1, 10, 200.00, 'Marzo'),
	(342, 354, 1, 10, 200.00, 'Marzo'),
	(343, 355, 1, 10, 200.00, 'Marzo'),
	(344, 356, 1, 10, 200.00, 'Marzo'),
	(345, 357, 1, 10, 200.00, 'Marzo'),
	(346, 358, 1, 10, 150.00, 'Marzo'),
	(347, 359, 1, 10, 200.00, 'Marzo'),
	(348, 360, 1, 10, 200.00, 'Marzo'),
	(349, 361, 1, 10, 200.00, 'Marzo'),
	(350, 362, 1, 10, 200.00, 'Marzo'),
	(351, 363, 1, 10, 200.00, 'Marzo'),
	(352, 364, 1, 10, 200.00, 'Marzo'),
	(353, 365, 1, 10, 150.00, 'Marzo'),
	(354, 366, 1, 10, 150.00, 'Marzo'),
	(355, 367, 1, 10, 150.00, 'Marzo'),
	(356, 368, 1, 10, 200.00, 'Marzo'),
	(357, 369, 1, 10, 150.00, 'Marzo'),
	(358, 370, 1, 10, 150.00, 'Marzo'),
	(359, 371, 1, 10, 100.00, 'Marzo'),
	(360, 372, 1, 10, 100.00, 'Marzo'),
	(361, 373, 1, 10, 150.00, 'Marzo'),
	(362, 374, 1, 10, 150.00, 'Marzo'),
	(363, 375, 1, 10, 150.00, 'Marzo'),
	(364, 376, 1, 10, 150.00, 'Marzo'),
	(365, 377, 1, 10, 200.00, 'Marzo'),
	(366, 378, 1, 10, 150.00, 'Marzo'),
	(367, 379, 1, 10, 200.00, 'Marzo'),
	(368, 380, 1, 10, 200.00, 'Marzo'),
	(369, 381, 1, 10, 200.00, 'Marzo'),
	(370, 382, 1, 10, 200.00, 'Marzo'),
	(371, 383, 1, 10, 200.00, 'Marzo'),
	(372, 384, 1, 10, 150.00, 'Marzo'),
	(373, 385, 1, 10, 200.00, 'Marzo'),
	(374, 386, 1, 10, 200.00, 'Marzo'),
	(375, 387, 1, 10, 150.00, 'Marzo'),
	(376, 388, 1, 10, 200.00, 'Marzo'),
	(377, 389, 1, 10, 200.00, 'Marzo'),
	(378, 390, 1, 10, 200.00, 'Marzo'),
	(379, 391, 1, 10, 150.00, 'Marzo'),
	(380, 392, 1, 10, 200.00, 'Marzo'),
	(381, 393, 1, 10, 200.00, 'Marzo'),
	(382, 394, 1, 10, 200.00, 'Marzo'),
	(383, 395, 1, 10, 200.00, 'Marzo'),
	(384, 396, 1, 10, 200.00, 'Marzo'),
	(385, 397, 1, 10, 200.00, 'Marzo'),
	(386, 398, 1, 10, 200.00, 'Marzo'),
	(387, 399, 1, 10, 200.00, 'Marzo'),
	(388, 400, 1, 10, 200.00, 'Marzo'),
	(389, 401, 1, 10, 200.00, 'Marzo'),
	(390, 402, 1, 10, 200.00, 'Marzo'),
	(391, 403, 1, 10, 200.00, 'Marzo'),
	(392, 404, 1, 10, 200.00, 'Marzo'),
	(393, 405, 1, 10, 200.00, 'Marzo'),
	(394, 406, 1, 10, 150.00, 'Marzo'),
	(395, 407, 1, 10, 200.00, 'Marzo'),
	(396, 408, 1, 10, 150.00, 'Marzo'),
	(397, 409, 1, 10, 200.00, 'Marzo'),
	(398, 410, 1, 10, 200.00, 'Marzo'),
	(399, 411, 1, 10, 200.00, 'Marzo'),
	(400, 412, 1, 10, 200.00, 'Marzo'),
	(401, 413, 1, 10, 200.00, 'Marzo'),
	(402, 414, 1, 10, 200.00, 'Marzo'),
	(403, 415, 1, 10, 200.00, 'Marzo'),
	(404, 416, 1, 10, 300.00, 'Marzo'),
	(405, 417, 1, 10, 200.00, 'Marzo'),
	(406, 418, 1, 10, 200.00, 'Marzo'),
	(407, 419, 1, 10, 200.00, 'Marzo'),
	(408, 420, 1, 10, 200.00, 'Marzo'),
	(409, 421, 1, 10, 200.00, 'Marzo'),
	(410, 422, 1, 10, 200.00, 'Marzo'),
	(411, 423, 1, 10, 150.00, 'Marzo'),
	(412, 424, 1, 10, 200.00, 'Marzo'),
	(413, 425, 1, 10, 150.00, 'Marzo'),
	(414, 426, 1, 10, 200.00, 'Marzo'),
	(415, 427, 1, 10, 200.00, 'Marzo'),
	(416, 428, 1, 10, 200.00, 'Marzo'),
	(417, 429, 1, 10, 200.00, 'Marzo'),
	(418, 430, 1, 10, 200.00, 'Marzo'),
	(419, 431, 1, 10, 200.00, 'Marzo'),
	(420, 432, 1, 10, 200.00, 'Marzo'),
	(421, 433, 1, 10, 200.00, 'Marzo'),
	(422, 434, 1, 10, 475.00, 'Marzo'),
	(423, 435, 1, 10, 200.00, 'Marzo'),
	(424, 436, 1, 10, 200.00, 'Marzo'),
	(425, 437, 1, 10, 150.00, 'Marzo'),
	(426, 438, 1, 10, 200.00, 'Marzo'),
	(427, 439, 1, 10, 200.00, 'Marzo'),
	(428, 440, 1, 10, 150.00, 'Marzo'),
	(429, 441, 1, 10, 200.00, 'Marzo'),
	(430, 442, 1, 10, 200.00, 'Marzo'),
	(431, 443, 1, 10, 200.00, 'Marzo'),
	(432, 444, 1, 10, 300.00, 'Marzo'),
	(433, 445, 1, 10, 200.00, 'Marzo'),
	(434, 446, 1, 10, 200.00, 'Marzo'),
	(435, 447, 1, 10, 200.00, 'Marzo'),
	(436, 448, 1, 10, 200.00, 'Marzo'),
	(437, 449, 1, 10, 150.00, 'Marzo'),
	(438, 450, 1, 10, 200.00, 'Marzo'),
	(439, 451, 1, 10, 150.00, 'Marzo'),
	(440, 452, 1, 10, 200.00, 'Marzo'),
	(441, 453, 1, 10, 200.00, 'Marzo'),
	(442, 454, 1, 10, 200.00, 'Marzo'),
	(443, 455, 1, 10, 200.00, 'Marzo'),
	(444, 456, 1, 10, 200.00, 'Marzo'),
	(445, 457, 1, 10, 200.00, 'Marzo'),
	(446, 458, 1, 10, 200.00, 'Marzo'),
	(447, 459, 1, 10, 200.00, 'Marzo'),
	(448, 460, 1, 10, 200.00, 'Marzo'),
	(449, 461, 1, 10, 150.00, 'Marzo'),
	(450, 462, 1, 10, 150.00, 'Marzo'),
	(451, 463, 1, 10, 200.00, 'Marzo'),
	(452, 464, 1, 10, 200.00, 'Marzo'),
	(453, 465, 1, 10, 200.00, 'Marzo'),
	(454, 466, 1, 10, 150.00, 'Marzo'),
	(455, 467, 1, 10, 200.00, 'Marzo'),
	(456, 468, 1, 10, 150.00, 'Marzo'),
	(457, 469, 1, 10, 200.00, 'Marzo'),
	(458, 470, 1, 10, 200.00, 'Marzo'),
	(459, 471, 1, 10, 200.00, 'Marzo'),
	(460, 472, 1, 10, 200.00, 'Marzo'),
	(461, 473, 1, 10, 475.00, 'Marzo'),
	(462, 474, 1, 10, 200.00, 'Marzo'),
	(463, 475, 1, 10, 200.00, 'Marzo'),
	(464, 476, 1, 10, 100.00, 'Marzo'),
	(465, 477, 1, 10, 150.00, 'Marzo'),
	(466, 478, 1, 10, 200.00, 'Marzo'),
	(467, 479, 1, 10, 200.00, 'Marzo'),
	(468, 480, 1, 10, 200.00, 'Marzo'),
	(469, 481, 1, 10, 200.00, 'Marzo'),
	(470, 482, 1, 10, 150.00, 'Marzo'),
	(471, 483, 1, 10, 200.00, 'Marzo'),
	(472, 484, 1, 10, 150.00, 'Marzo'),
	(473, 486, 1, 10, 375.00, 'Marzo'),
	(474, 487, 1, 10, 200.00, 'Marzo'),
	(475, 488, 1, 10, 150.00, 'Marzo'),
	(476, 489, 1, 10, 150.00, 'Marzo'),
	(477, 490, 1, 10, 200.00, 'Marzo'),
	(478, 491, 1, 10, 200.00, 'Marzo'),
	(479, 492, 1, 10, 200.00, 'Marzo'),
	(480, 493, 1, 10, 200.00, 'Marzo'),
	(481, 494, 1, 10, 150.00, 'Marzo'),
	(482, 495, 1, 10, 200.00, 'Marzo'),
	(483, 496, 1, 10, 200.00, 'Marzo'),
	(484, 497, 1, 10, 200.00, 'Marzo'),
	(485, 498, 1, 10, 200.00, 'Marzo'),
	(486, 499, 1, 10, 150.00, 'Marzo'),
	(487, 500, 1, 10, 200.00, 'Marzo'),
	(488, 501, 1, 10, 200.00, 'Marzo'),
	(489, 502, 1, 10, 150.00, 'Marzo'),
	(490, 503, 1, 10, 150.00, 'Marzo'),
	(491, 504, 1, 10, 200.00, 'Marzo'),
	(492, 505, 1, 10, 200.00, 'Marzo'),
	(493, 506, 1, 10, 150.00, 'Marzo'),
	(494, 507, 1, 10, 200.00, 'Marzo'),
	(495, 508, 1, 10, 200.00, 'Marzo'),
	(496, 509, 1, 10, 150.00, 'Marzo'),
	(497, 510, 1, 10, 200.00, 'Marzo'),
	(498, 511, 1, 10, 150.00, 'Marzo'),
	(499, 514, 1, 10, 200.00, 'Abril'),
	(500, 515, 1, 10, 300.00, 'Abril'),
	(501, 516, 1, 10, 200.00, 'Abril'),
	(502, 517, 1, 10, 200.00, 'Abril'),
	(503, 518, 1, 10, 300.00, 'Abril'),
	(504, 519, 1, 10, 200.00, 'Abril'),
	(505, 520, 1, 10, 200.00, 'Abril'),
	(506, 521, 1, 10, 150.00, 'Abril'),
	(507, 522, 1, 10, 200.00, 'Abril'),
	(508, 523, 1, 10, 200.00, 'Abril'),
	(509, 524, 1, 10, 200.00, 'Abril'),
	(510, 525, 1, 10, 200.00, 'Abril'),
	(511, 526, 1, 10, 200.00, 'Abril'),
	(512, 527, 1, 10, 150.00, 'Abril'),
	(513, 528, 1, 10, 200.00, 'Abril'),
	(514, 529, 1, 10, 200.00, 'Abril'),
	(515, 530, 1, 10, 200.00, 'Abril'),
	(516, 531, 1, 10, 200.00, 'Abril'),
	(517, 532, 1, 10, 200.00, 'Abril'),
	(518, 533, 1, 10, 200.00, 'Abril'),
	(519, 534, 1, 10, 150.00, 'Abril'),
	(520, 535, 1, 10, 150.00, 'Abril'),
	(521, 536, 1, 10, 150.00, 'Abril'),
	(522, 537, 1, 10, 200.00, 'Abril'),
	(523, 538, 1, 10, 150.00, 'Abril'),
	(524, 539, 1, 10, 150.00, 'Abril'),
	(525, 540, 1, 10, 100.00, 'Abril'),
	(526, 541, 1, 10, 100.00, 'Abril'),
	(527, 542, 1, 10, 150.00, 'Abril'),
	(528, 543, 1, 10, 150.00, 'Abril'),
	(529, 544, 1, 10, 150.00, 'Abril'),
	(530, 545, 1, 10, 150.00, 'Abril'),
	(531, 546, 1, 10, 200.00, 'Abril'),
	(532, 547, 1, 10, 150.00, 'Abril'),
	(533, 548, 1, 10, 200.00, 'Abril'),
	(534, 549, 1, 10, 200.00, 'Abril'),
	(535, 550, 1, 10, 200.00, 'Abril'),
	(536, 551, 1, 10, 200.00, 'Abril'),
	(537, 552, 1, 10, 200.00, 'Abril'),
	(538, 553, 1, 10, 150.00, 'Abril'),
	(539, 554, 1, 10, 200.00, 'Abril'),
	(540, 555, 1, 10, 200.00, 'Abril'),
	(541, 556, 1, 10, 150.00, 'Abril'),
	(542, 557, 1, 10, 200.00, 'Abril'),
	(543, 558, 1, 10, 200.00, 'Abril'),
	(544, 559, 1, 10, 200.00, 'Abril'),
	(545, 560, 1, 10, 150.00, 'Abril'),
	(546, 561, 1, 10, 200.00, 'Abril'),
	(547, 562, 1, 10, 200.00, 'Abril'),
	(548, 563, 1, 10, 200.00, 'Abril'),
	(549, 564, 1, 10, 200.00, 'Abril'),
	(550, 565, 1, 10, 200.00, 'Abril'),
	(551, 566, 1, 10, 200.00, 'Abril'),
	(552, 567, 1, 10, 200.00, 'Abril'),
	(553, 568, 1, 10, 200.00, 'Abril'),
	(554, 569, 1, 10, 200.00, 'Abril'),
	(555, 570, 1, 10, 200.00, 'Abril'),
	(556, 571, 1, 10, 200.00, 'Abril'),
	(557, 572, 1, 10, 200.00, 'Abril'),
	(558, 573, 1, 10, 200.00, 'Abril'),
	(559, 574, 1, 10, 200.00, 'Abril'),
	(560, 575, 1, 10, 150.00, 'Abril'),
	(561, 576, 1, 10, 200.00, 'Abril'),
	(562, 577, 1, 10, 150.00, 'Abril'),
	(563, 578, 1, 10, 200.00, 'Abril'),
	(564, 579, 1, 10, 200.00, 'Abril'),
	(565, 580, 1, 10, 200.00, 'Abril'),
	(566, 581, 1, 10, 200.00, 'Abril'),
	(567, 582, 1, 10, 200.00, 'Abril'),
	(568, 583, 1, 10, 200.00, 'Abril'),
	(569, 584, 1, 10, 200.00, 'Abril'),
	(570, 585, 1, 10, 300.00, 'Abril'),
	(571, 586, 1, 10, 200.00, 'Abril'),
	(572, 587, 1, 10, 200.00, 'Abril'),
	(573, 588, 1, 10, 200.00, 'Abril'),
	(574, 589, 1, 10, 200.00, 'Abril'),
	(575, 590, 1, 10, 200.00, 'Abril'),
	(576, 591, 1, 10, 200.00, 'Abril'),
	(577, 592, 1, 10, 150.00, 'Abril'),
	(578, 593, 1, 10, 200.00, 'Abril'),
	(579, 594, 1, 10, 150.00, 'Abril'),
	(580, 595, 1, 10, 200.00, 'Abril'),
	(581, 596, 1, 10, 200.00, 'Abril'),
	(582, 597, 1, 10, 200.00, 'Abril'),
	(583, 598, 1, 10, 200.00, 'Abril'),
	(584, 599, 1, 10, 200.00, 'Abril'),
	(585, 600, 1, 10, 200.00, 'Abril'),
	(586, 601, 1, 10, 200.00, 'Abril'),
	(587, 602, 1, 10, 200.00, 'Abril'),
	(588, 603, 1, 10, 475.00, 'Abril'),
	(589, 604, 1, 10, 200.00, 'Abril'),
	(590, 605, 1, 10, 200.00, 'Abril'),
	(591, 606, 1, 10, 150.00, 'Abril'),
	(592, 607, 1, 10, 200.00, 'Abril'),
	(593, 608, 1, 10, 200.00, 'Abril'),
	(594, 609, 1, 10, 150.00, 'Abril'),
	(595, 610, 1, 10, 200.00, 'Abril'),
	(596, 611, 1, 10, 200.00, 'Abril'),
	(597, 612, 1, 10, 200.00, 'Abril'),
	(598, 613, 1, 10, 300.00, 'Abril'),
	(599, 614, 1, 10, 200.00, 'Abril'),
	(600, 615, 1, 10, 200.00, 'Abril'),
	(601, 616, 1, 10, 200.00, 'Abril'),
	(602, 617, 1, 10, 200.00, 'Abril'),
	(603, 618, 1, 10, 150.00, 'Abril'),
	(604, 619, 1, 10, 200.00, 'Abril'),
	(605, 620, 1, 10, 150.00, 'Abril'),
	(606, 621, 1, 10, 200.00, 'Abril'),
	(607, 622, 1, 10, 200.00, 'Abril'),
	(608, 623, 1, 10, 200.00, 'Abril'),
	(609, 624, 1, 10, 200.00, 'Abril'),
	(610, 625, 1, 10, 200.00, 'Abril'),
	(611, 626, 1, 10, 200.00, 'Abril'),
	(612, 627, 1, 10, 200.00, 'Abril'),
	(613, 628, 1, 10, 200.00, 'Abril'),
	(614, 629, 1, 10, 200.00, 'Abril'),
	(615, 630, 1, 10, 150.00, 'Abril'),
	(616, 631, 1, 10, 150.00, 'Abril'),
	(617, 632, 1, 10, 200.00, 'Abril'),
	(618, 633, 1, 10, 200.00, 'Abril'),
	(619, 634, 1, 10, 200.00, 'Abril'),
	(620, 635, 1, 10, 150.00, 'Abril'),
	(621, 636, 1, 10, 200.00, 'Abril'),
	(622, 637, 1, 10, 150.00, 'Abril'),
	(623, 638, 1, 10, 200.00, 'Abril'),
	(624, 639, 1, 10, 200.00, 'Abril'),
	(625, 640, 1, 10, 200.00, 'Abril'),
	(626, 641, 1, 10, 200.00, 'Abril'),
	(627, 642, 1, 10, 475.00, 'Abril'),
	(628, 643, 1, 10, 200.00, 'Abril'),
	(629, 644, 1, 10, 200.00, 'Abril'),
	(630, 645, 1, 10, 100.00, 'Abril'),
	(631, 646, 1, 10, 150.00, 'Abril'),
	(632, 647, 1, 10, 200.00, 'Abril'),
	(633, 648, 1, 10, 200.00, 'Abril'),
	(634, 649, 1, 10, 200.00, 'Abril'),
	(635, 650, 1, 10, 200.00, 'Abril'),
	(636, 651, 1, 10, 150.00, 'Abril'),
	(637, 652, 1, 10, 200.00, 'Abril'),
	(638, 653, 1, 10, 150.00, 'Abril'),
	(639, 655, 1, 10, 375.00, 'Abril'),
	(640, 656, 1, 10, 200.00, 'Abril'),
	(641, 657, 1, 10, 150.00, 'Abril'),
	(642, 658, 1, 10, 150.00, 'Abril'),
	(643, 659, 1, 10, 200.00, 'Abril'),
	(644, 660, 1, 10, 200.00, 'Abril'),
	(645, 661, 1, 10, 200.00, 'Abril'),
	(646, 662, 1, 10, 200.00, 'Abril'),
	(647, 663, 1, 10, 150.00, 'Abril'),
	(648, 664, 1, 10, 200.00, 'Abril'),
	(649, 665, 1, 10, 200.00, 'Abril'),
	(650, 666, 1, 10, 200.00, 'Abril'),
	(651, 667, 1, 10, 200.00, 'Abril'),
	(652, 668, 1, 10, 150.00, 'Abril'),
	(653, 669, 1, 10, 200.00, 'Abril'),
	(654, 670, 1, 10, 200.00, 'Abril'),
	(655, 671, 1, 10, 150.00, 'Abril'),
	(656, 672, 1, 10, 150.00, 'Abril'),
	(657, 673, 1, 10, 200.00, 'Abril'),
	(658, 674, 1, 10, 200.00, 'Abril'),
	(659, 675, 1, 10, 150.00, 'Abril'),
	(660, 676, 1, 10, 200.00, 'Abril'),
	(661, 677, 1, 10, 200.00, 'Abril'),
	(662, 678, 1, 10, 150.00, 'Abril'),
	(663, 679, 1, 10, 200.00, 'Abril'),
	(664, 680, 1, 10, 150.00, 'Abril'),
	(665, 683, 1, 10, 200.00, 'Mayo'),
	(666, 684, 1, 10, 300.00, 'Mayo'),
	(667, 685, 1, 10, 200.00, 'Mayo'),
	(668, 686, 1, 10, 200.00, 'Mayo'),
	(669, 687, 1, 10, 300.00, 'Mayo'),
	(670, 688, 1, 10, 200.00, 'Mayo'),
	(671, 689, 1, 10, 200.00, 'Mayo'),
	(672, 690, 1, 10, 150.00, 'Mayo'),
	(673, 691, 1, 10, 200.00, 'Mayo'),
	(674, 692, 1, 10, 200.00, 'Mayo'),
	(675, 693, 1, 10, 200.00, 'Mayo'),
	(676, 694, 1, 10, 200.00, 'Mayo'),
	(677, 695, 1, 10, 200.00, 'Mayo'),
	(678, 696, 1, 10, 150.00, 'Mayo'),
	(679, 697, 1, 10, 200.00, 'Mayo'),
	(680, 698, 1, 10, 200.00, 'Mayo'),
	(681, 699, 1, 10, 200.00, 'Mayo'),
	(682, 700, 1, 10, 200.00, 'Mayo'),
	(683, 701, 1, 10, 200.00, 'Mayo'),
	(684, 702, 1, 10, 200.00, 'Mayo'),
	(685, 703, 1, 10, 150.00, 'Mayo'),
	(686, 704, 1, 10, 150.00, 'Mayo'),
	(687, 705, 1, 10, 150.00, 'Mayo'),
	(688, 706, 1, 10, 200.00, 'Mayo'),
	(689, 707, 1, 10, 150.00, 'Mayo'),
	(690, 708, 1, 10, 150.00, 'Mayo'),
	(691, 709, 1, 10, 100.00, 'Mayo'),
	(692, 710, 1, 10, 100.00, 'Mayo'),
	(693, 711, 1, 10, 150.00, 'Mayo'),
	(694, 712, 1, 10, 150.00, 'Mayo'),
	(695, 713, 1, 10, 150.00, 'Mayo'),
	(696, 714, 1, 10, 150.00, 'Mayo'),
	(697, 715, 1, 10, 200.00, 'Mayo'),
	(698, 716, 1, 10, 150.00, 'Mayo'),
	(699, 717, 1, 10, 200.00, 'Mayo'),
	(700, 718, 1, 10, 200.00, 'Mayo'),
	(701, 719, 1, 10, 200.00, 'Mayo'),
	(702, 720, 1, 10, 200.00, 'Mayo'),
	(703, 721, 1, 10, 200.00, 'Mayo'),
	(704, 722, 1, 10, 150.00, 'Mayo'),
	(705, 723, 1, 10, 200.00, 'Mayo'),
	(706, 724, 1, 10, 200.00, 'Mayo'),
	(707, 725, 1, 10, 150.00, 'Mayo'),
	(708, 726, 1, 10, 200.00, 'Mayo'),
	(709, 727, 1, 10, 200.00, 'Mayo'),
	(710, 728, 1, 10, 200.00, 'Mayo'),
	(711, 729, 1, 10, 150.00, 'Mayo'),
	(712, 730, 1, 10, 200.00, 'Mayo'),
	(713, 731, 1, 10, 200.00, 'Mayo'),
	(714, 732, 1, 10, 200.00, 'Mayo'),
	(715, 733, 1, 10, 200.00, 'Mayo'),
	(716, 734, 1, 10, 200.00, 'Mayo'),
	(717, 735, 1, 10, 200.00, 'Mayo'),
	(718, 736, 1, 10, 200.00, 'Mayo'),
	(719, 737, 1, 10, 200.00, 'Mayo'),
	(720, 738, 1, 10, 200.00, 'Mayo'),
	(721, 739, 1, 10, 200.00, 'Mayo'),
	(722, 740, 1, 10, 200.00, 'Mayo'),
	(723, 741, 1, 10, 200.00, 'Mayo'),
	(724, 742, 1, 10, 200.00, 'Mayo'),
	(725, 743, 1, 10, 200.00, 'Mayo'),
	(726, 744, 1, 10, 150.00, 'Mayo'),
	(727, 745, 1, 10, 200.00, 'Mayo'),
	(728, 746, 1, 10, 150.00, 'Mayo'),
	(729, 747, 1, 10, 200.00, 'Mayo'),
	(730, 748, 1, 10, 200.00, 'Mayo'),
	(731, 749, 1, 10, 200.00, 'Mayo'),
	(732, 750, 1, 10, 200.00, 'Mayo'),
	(733, 751, 1, 10, 200.00, 'Mayo'),
	(734, 752, 1, 10, 200.00, 'Mayo'),
	(735, 753, 1, 10, 200.00, 'Mayo'),
	(736, 754, 1, 10, 300.00, 'Mayo'),
	(737, 755, 1, 10, 200.00, 'Mayo'),
	(738, 756, 1, 10, 200.00, 'Mayo'),
	(739, 757, 1, 10, 200.00, 'Mayo'),
	(740, 758, 1, 10, 200.00, 'Mayo'),
	(741, 759, 1, 10, 200.00, 'Mayo'),
	(742, 760, 1, 10, 200.00, 'Mayo'),
	(743, 761, 1, 10, 150.00, 'Mayo'),
	(744, 762, 1, 10, 200.00, 'Mayo'),
	(745, 763, 1, 10, 150.00, 'Mayo'),
	(746, 764, 1, 10, 200.00, 'Mayo'),
	(747, 765, 1, 10, 200.00, 'Mayo'),
	(748, 766, 1, 10, 200.00, 'Mayo'),
	(749, 767, 1, 10, 200.00, 'Mayo'),
	(750, 768, 1, 10, 200.00, 'Mayo'),
	(751, 769, 1, 10, 200.00, 'Mayo'),
	(752, 770, 1, 10, 200.00, 'Mayo'),
	(753, 771, 1, 10, 200.00, 'Mayo'),
	(754, 772, 1, 10, 475.00, 'Mayo'),
	(755, 773, 1, 10, 200.00, 'Mayo'),
	(756, 774, 1, 10, 200.00, 'Mayo'),
	(757, 775, 1, 10, 150.00, 'Mayo'),
	(758, 776, 1, 10, 200.00, 'Mayo'),
	(759, 777, 1, 10, 200.00, 'Mayo'),
	(760, 778, 1, 10, 150.00, 'Mayo'),
	(761, 779, 1, 10, 200.00, 'Mayo'),
	(762, 780, 1, 10, 200.00, 'Mayo'),
	(763, 781, 1, 10, 200.00, 'Mayo'),
	(764, 782, 1, 10, 300.00, 'Mayo'),
	(765, 783, 1, 10, 200.00, 'Mayo'),
	(766, 784, 1, 10, 200.00, 'Mayo'),
	(767, 785, 1, 10, 200.00, 'Mayo'),
	(768, 786, 1, 10, 200.00, 'Mayo'),
	(769, 787, 1, 10, 150.00, 'Mayo'),
	(770, 788, 1, 10, 200.00, 'Mayo'),
	(771, 789, 1, 10, 150.00, 'Mayo'),
	(772, 790, 1, 10, 200.00, 'Mayo'),
	(773, 791, 1, 10, 200.00, 'Mayo'),
	(774, 792, 1, 10, 200.00, 'Mayo'),
	(775, 793, 1, 10, 200.00, 'Mayo'),
	(776, 794, 1, 10, 200.00, 'Mayo'),
	(777, 795, 1, 10, 200.00, 'Mayo'),
	(778, 796, 1, 10, 200.00, 'Mayo'),
	(779, 797, 1, 10, 200.00, 'Mayo'),
	(780, 798, 1, 10, 200.00, 'Mayo'),
	(781, 799, 1, 10, 150.00, 'Mayo'),
	(782, 800, 1, 10, 150.00, 'Mayo'),
	(783, 801, 1, 10, 200.00, 'Mayo'),
	(784, 802, 1, 10, 200.00, 'Mayo'),
	(785, 803, 1, 10, 200.00, 'Mayo'),
	(786, 804, 1, 10, 150.00, 'Mayo'),
	(787, 805, 1, 10, 200.00, 'Mayo'),
	(788, 806, 1, 10, 150.00, 'Mayo'),
	(789, 807, 1, 10, 200.00, 'Mayo'),
	(790, 808, 1, 10, 200.00, 'Mayo'),
	(791, 809, 1, 10, 200.00, 'Mayo'),
	(792, 810, 1, 10, 200.00, 'Mayo'),
	(793, 811, 1, 10, 475.00, 'Mayo'),
	(794, 812, 1, 10, 200.00, 'Mayo'),
	(795, 813, 1, 10, 200.00, 'Mayo'),
	(796, 814, 1, 10, 100.00, 'Mayo'),
	(797, 815, 1, 10, 150.00, 'Mayo'),
	(798, 816, 1, 10, 200.00, 'Mayo'),
	(799, 817, 1, 10, 200.00, 'Mayo'),
	(800, 818, 1, 10, 200.00, 'Mayo'),
	(801, 819, 1, 10, 200.00, 'Mayo'),
	(802, 820, 1, 10, 150.00, 'Mayo'),
	(803, 821, 1, 10, 200.00, 'Mayo'),
	(804, 822, 1, 10, 150.00, 'Mayo'),
	(805, 824, 1, 10, 375.00, 'Mayo'),
	(806, 825, 1, 10, 200.00, 'Mayo'),
	(807, 826, 1, 10, 150.00, 'Mayo'),
	(808, 827, 1, 10, 150.00, 'Mayo'),
	(809, 828, 1, 10, 200.00, 'Mayo'),
	(810, 829, 1, 10, 200.00, 'Mayo'),
	(811, 830, 1, 10, 200.00, 'Mayo'),
	(812, 831, 1, 10, 200.00, 'Mayo'),
	(813, 832, 1, 10, 150.00, 'Mayo'),
	(814, 833, 1, 10, 200.00, 'Mayo'),
	(815, 834, 1, 10, 200.00, 'Mayo'),
	(816, 835, 1, 10, 200.00, 'Mayo'),
	(817, 836, 1, 10, 200.00, 'Mayo'),
	(818, 837, 1, 10, 150.00, 'Mayo'),
	(819, 838, 1, 10, 200.00, 'Mayo'),
	(820, 839, 1, 10, 200.00, 'Mayo'),
	(821, 840, 1, 10, 150.00, 'Mayo'),
	(822, 841, 1, 10, 150.00, 'Mayo'),
	(823, 842, 1, 10, 200.00, 'Mayo'),
	(824, 843, 1, 10, 200.00, 'Mayo'),
	(825, 844, 1, 10, 150.00, 'Mayo'),
	(826, 845, 1, 10, 200.00, 'Mayo'),
	(827, 846, 1, 10, 200.00, 'Mayo'),
	(828, 847, 1, 10, 150.00, 'Mayo'),
	(829, 848, 1, 10, 200.00, 'Mayo'),
	(830, 849, 1, 10, 150.00, 'Mayo'),
	(831, 852, 1, 10, 200.00, 'Junio'),
	(832, 853, 1, 10, 300.00, 'Junio'),
	(833, 854, 1, 10, 200.00, 'Junio'),
	(834, 855, 1, 10, 200.00, 'Junio'),
	(835, 856, 1, 10, 300.00, 'Junio'),
	(836, 857, 1, 10, 200.00, 'Junio'),
	(837, 858, 1, 10, 200.00, 'Junio'),
	(838, 859, 1, 10, 150.00, 'Junio'),
	(839, 860, 1, 10, 200.00, 'Junio'),
	(840, 861, 1, 10, 200.00, 'Junio'),
	(841, 862, 1, 10, 200.00, 'Junio'),
	(842, 863, 1, 10, 200.00, 'Junio'),
	(843, 864, 1, 10, 200.00, 'Junio'),
	(844, 865, 1, 10, 150.00, 'Junio'),
	(845, 866, 1, 10, 200.00, 'Junio'),
	(846, 867, 1, 10, 200.00, 'Junio'),
	(847, 868, 1, 10, 200.00, 'Junio'),
	(848, 869, 1, 10, 200.00, 'Junio'),
	(849, 870, 1, 10, 200.00, 'Junio'),
	(850, 871, 1, 10, 200.00, 'Junio'),
	(851, 872, 1, 10, 150.00, 'Junio'),
	(852, 873, 1, 10, 150.00, 'Junio'),
	(853, 874, 1, 10, 150.00, 'Junio'),
	(854, 875, 1, 10, 200.00, 'Junio'),
	(855, 876, 1, 10, 150.00, 'Junio'),
	(856, 877, 1, 10, 150.00, 'Junio'),
	(857, 878, 1, 10, 100.00, 'Junio'),
	(858, 879, 1, 10, 100.00, 'Junio'),
	(859, 880, 1, 10, 150.00, 'Junio'),
	(860, 881, 1, 10, 150.00, 'Junio'),
	(861, 882, 1, 10, 150.00, 'Junio'),
	(862, 883, 1, 10, 150.00, 'Junio'),
	(863, 884, 1, 10, 200.00, 'Junio'),
	(864, 885, 1, 10, 150.00, 'Junio'),
	(865, 886, 1, 10, 200.00, 'Junio'),
	(866, 887, 1, 10, 200.00, 'Junio'),
	(867, 888, 1, 10, 200.00, 'Junio'),
	(868, 889, 1, 10, 200.00, 'Junio'),
	(869, 890, 1, 10, 200.00, 'Junio'),
	(870, 891, 1, 10, 150.00, 'Junio'),
	(871, 892, 1, 10, 200.00, 'Junio'),
	(872, 893, 1, 10, 200.00, 'Junio'),
	(873, 894, 1, 10, 150.00, 'Junio'),
	(874, 895, 1, 10, 200.00, 'Junio'),
	(875, 896, 1, 10, 200.00, 'Junio'),
	(876, 897, 1, 10, 200.00, 'Junio'),
	(877, 898, 1, 10, 150.00, 'Junio'),
	(878, 899, 1, 10, 200.00, 'Junio'),
	(879, 900, 1, 10, 200.00, 'Junio'),
	(880, 901, 1, 10, 200.00, 'Junio'),
	(881, 902, 1, 10, 200.00, 'Junio'),
	(882, 903, 1, 10, 200.00, 'Junio'),
	(883, 904, 1, 10, 200.00, 'Junio'),
	(884, 905, 1, 10, 200.00, 'Junio'),
	(885, 906, 1, 10, 200.00, 'Junio'),
	(886, 907, 1, 10, 200.00, 'Junio'),
	(887, 908, 1, 10, 200.00, 'Junio'),
	(888, 909, 1, 10, 200.00, 'Junio'),
	(889, 910, 1, 10, 200.00, 'Junio'),
	(890, 911, 1, 10, 200.00, 'Junio'),
	(891, 912, 1, 10, 200.00, 'Junio'),
	(892, 913, 1, 10, 150.00, 'Junio'),
	(893, 914, 1, 10, 200.00, 'Junio'),
	(894, 915, 1, 10, 150.00, 'Junio'),
	(895, 916, 1, 10, 200.00, 'Junio'),
	(896, 917, 1, 10, 200.00, 'Junio'),
	(897, 918, 1, 10, 200.00, 'Junio'),
	(898, 919, 1, 10, 200.00, 'Junio'),
	(899, 920, 1, 10, 200.00, 'Junio'),
	(900, 921, 1, 10, 200.00, 'Junio'),
	(901, 922, 1, 10, 200.00, 'Junio'),
	(902, 923, 1, 10, 300.00, 'Junio'),
	(903, 924, 1, 10, 200.00, 'Junio'),
	(904, 925, 1, 10, 200.00, 'Junio'),
	(905, 926, 1, 10, 200.00, 'Junio'),
	(906, 927, 1, 10, 200.00, 'Junio'),
	(907, 928, 1, 10, 200.00, 'Junio'),
	(908, 929, 1, 10, 200.00, 'Junio'),
	(909, 930, 1, 10, 150.00, 'Junio'),
	(910, 931, 1, 10, 200.00, 'Junio'),
	(911, 932, 1, 10, 150.00, 'Junio'),
	(912, 933, 1, 10, 200.00, 'Junio'),
	(913, 934, 1, 10, 200.00, 'Junio'),
	(914, 935, 1, 10, 200.00, 'Junio'),
	(915, 936, 1, 10, 200.00, 'Junio'),
	(916, 937, 1, 10, 200.00, 'Junio'),
	(917, 938, 1, 10, 200.00, 'Junio'),
	(918, 939, 1, 10, 200.00, 'Junio'),
	(919, 940, 1, 10, 200.00, 'Junio'),
	(920, 941, 1, 10, 475.00, 'Junio'),
	(921, 942, 1, 10, 200.00, 'Junio'),
	(922, 943, 1, 10, 200.00, 'Junio'),
	(923, 944, 1, 10, 150.00, 'Junio'),
	(924, 945, 1, 10, 200.00, 'Junio'),
	(925, 946, 1, 10, 200.00, 'Junio'),
	(926, 947, 1, 10, 150.00, 'Junio'),
	(927, 948, 1, 10, 200.00, 'Junio'),
	(928, 949, 1, 10, 200.00, 'Junio'),
	(929, 950, 1, 10, 200.00, 'Junio'),
	(930, 951, 1, 10, 300.00, 'Junio'),
	(931, 952, 1, 10, 200.00, 'Junio'),
	(932, 953, 1, 10, 200.00, 'Junio'),
	(933, 954, 1, 10, 200.00, 'Junio'),
	(934, 955, 1, 10, 200.00, 'Junio'),
	(935, 956, 1, 10, 150.00, 'Junio'),
	(936, 957, 1, 10, 200.00, 'Junio'),
	(937, 958, 1, 10, 150.00, 'Junio'),
	(938, 959, 1, 10, 200.00, 'Junio'),
	(939, 960, 1, 10, 200.00, 'Junio'),
	(940, 961, 1, 10, 200.00, 'Junio'),
	(941, 962, 1, 10, 200.00, 'Junio'),
	(942, 963, 1, 10, 200.00, 'Junio'),
	(943, 964, 1, 10, 200.00, 'Junio'),
	(944, 965, 1, 10, 200.00, 'Junio'),
	(945, 966, 1, 10, 200.00, 'Junio'),
	(946, 967, 1, 10, 200.00, 'Junio'),
	(947, 968, 1, 10, 150.00, 'Junio'),
	(948, 969, 1, 10, 150.00, 'Junio'),
	(949, 970, 1, 10, 200.00, 'Junio'),
	(950, 971, 1, 10, 200.00, 'Junio'),
	(951, 972, 1, 10, 200.00, 'Junio'),
	(952, 973, 1, 10, 150.00, 'Junio'),
	(953, 974, 1, 10, 200.00, 'Junio'),
	(954, 975, 1, 10, 150.00, 'Junio'),
	(955, 976, 1, 10, 200.00, 'Junio'),
	(956, 977, 1, 10, 200.00, 'Junio'),
	(957, 978, 1, 10, 200.00, 'Junio'),
	(958, 979, 1, 10, 200.00, 'Junio'),
	(959, 980, 1, 10, 475.00, 'Junio'),
	(960, 981, 1, 10, 200.00, 'Junio'),
	(961, 982, 1, 10, 200.00, 'Junio'),
	(962, 983, 1, 10, 100.00, 'Junio'),
	(963, 984, 1, 10, 150.00, 'Junio'),
	(964, 985, 1, 10, 200.00, 'Junio'),
	(965, 986, 1, 10, 200.00, 'Junio'),
	(966, 987, 1, 10, 200.00, 'Junio'),
	(967, 988, 1, 10, 200.00, 'Junio'),
	(968, 989, 1, 10, 150.00, 'Junio'),
	(969, 990, 1, 10, 200.00, 'Junio'),
	(970, 991, 1, 10, 150.00, 'Junio'),
	(971, 993, 1, 10, 375.00, 'Junio'),
	(972, 994, 1, 10, 200.00, 'Junio'),
	(973, 995, 1, 10, 150.00, 'Junio'),
	(974, 996, 1, 10, 150.00, 'Junio'),
	(975, 997, 1, 10, 200.00, 'Junio'),
	(976, 998, 1, 10, 200.00, 'Junio'),
	(977, 999, 1, 10, 200.00, 'Junio'),
	(978, 1000, 1, 10, 200.00, 'Junio'),
	(979, 1001, 1, 10, 150.00, 'Junio'),
	(980, 1002, 1, 10, 200.00, 'Junio'),
	(981, 1003, 1, 10, 200.00, 'Junio'),
	(982, 1004, 1, 10, 200.00, 'Junio'),
	(983, 1005, 1, 10, 200.00, 'Junio'),
	(984, 1006, 1, 10, 150.00, 'Junio'),
	(985, 1007, 1, 10, 200.00, 'Junio'),
	(986, 1008, 1, 10, 200.00, 'Junio'),
	(987, 1009, 1, 10, 150.00, 'Junio'),
	(988, 1010, 1, 10, 150.00, 'Junio'),
	(989, 1011, 1, 10, 200.00, 'Junio'),
	(990, 1012, 1, 10, 200.00, 'Junio'),
	(991, 1013, 1, 10, 150.00, 'Junio'),
	(992, 1014, 1, 10, 200.00, 'Junio'),
	(993, 1015, 1, 10, 200.00, 'Junio'),
	(994, 1016, 1, 10, 150.00, 'Junio'),
	(995, 1017, 1, 10, 200.00, 'Junio'),
	(996, 1018, 1, 10, 150.00, 'Junio'),
	(997, 1021, 1, 10, 200.00, 'Julio'),
	(998, 1022, 1, 10, 300.00, 'Julio'),
	(999, 1023, 1, 10, 200.00, 'Julio'),
	(1000, 1024, 1, 10, 200.00, 'Julio'),
	(1001, 1025, 1, 10, 300.00, 'Julio'),
	(1002, 1026, 1, 10, 200.00, 'Julio'),
	(1003, 1027, 1, 10, 200.00, 'Julio'),
	(1004, 1028, 1, 10, 150.00, 'Julio'),
	(1005, 1029, 1, 10, 200.00, 'Julio'),
	(1006, 1030, 1, 10, 200.00, 'Julio'),
	(1007, 1031, 1, 10, 200.00, 'Julio'),
	(1008, 1032, 1, 10, 200.00, 'Julio'),
	(1009, 1033, 1, 10, 200.00, 'Julio'),
	(1010, 1034, 1, 10, 150.00, 'Julio'),
	(1011, 1035, 1, 10, 200.00, 'Julio'),
	(1012, 1036, 1, 10, 200.00, 'Julio'),
	(1013, 1037, 1, 10, 200.00, 'Julio'),
	(1014, 1038, 1, 10, 200.00, 'Julio'),
	(1015, 1039, 1, 10, 200.00, 'Julio'),
	(1016, 1040, 1, 10, 200.00, 'Julio'),
	(1017, 1041, 1, 10, 150.00, 'Julio'),
	(1018, 1042, 1, 10, 150.00, 'Julio'),
	(1019, 1043, 1, 10, 150.00, 'Julio'),
	(1020, 1044, 1, 10, 200.00, 'Julio'),
	(1021, 1045, 1, 10, 150.00, 'Julio'),
	(1022, 1046, 1, 10, 150.00, 'Julio'),
	(1023, 1047, 1, 10, 100.00, 'Julio'),
	(1024, 1048, 1, 10, 100.00, 'Julio'),
	(1025, 1049, 1, 10, 150.00, 'Julio'),
	(1026, 1050, 1, 10, 150.00, 'Julio'),
	(1027, 1051, 1, 10, 150.00, 'Julio'),
	(1028, 1052, 1, 10, 150.00, 'Julio'),
	(1029, 1053, 1, 10, 200.00, 'Julio'),
	(1030, 1054, 1, 10, 150.00, 'Julio'),
	(1031, 1055, 1, 10, 200.00, 'Julio'),
	(1032, 1056, 1, 10, 200.00, 'Julio'),
	(1033, 1057, 1, 10, 200.00, 'Julio'),
	(1034, 1058, 1, 10, 200.00, 'Julio'),
	(1035, 1059, 1, 10, 200.00, 'Julio'),
	(1036, 1060, 1, 10, 150.00, 'Julio'),
	(1037, 1061, 1, 10, 200.00, 'Julio'),
	(1038, 1062, 1, 10, 200.00, 'Julio'),
	(1039, 1063, 1, 10, 150.00, 'Julio'),
	(1040, 1064, 1, 10, 200.00, 'Julio'),
	(1041, 1065, 1, 10, 200.00, 'Julio'),
	(1042, 1066, 1, 10, 200.00, 'Julio'),
	(1043, 1067, 1, 10, 150.00, 'Julio'),
	(1044, 1068, 1, 10, 200.00, 'Julio'),
	(1045, 1069, 1, 10, 200.00, 'Julio'),
	(1046, 1070, 1, 10, 200.00, 'Julio'),
	(1047, 1071, 1, 10, 200.00, 'Julio'),
	(1048, 1072, 1, 10, 200.00, 'Julio'),
	(1049, 1073, 1, 10, 200.00, 'Julio'),
	(1050, 1074, 1, 10, 200.00, 'Julio'),
	(1051, 1075, 1, 10, 200.00, 'Julio'),
	(1052, 1076, 1, 10, 200.00, 'Julio'),
	(1053, 1077, 1, 10, 200.00, 'Julio'),
	(1054, 1078, 1, 10, 200.00, 'Julio'),
	(1055, 1079, 1, 10, 200.00, 'Julio'),
	(1056, 1080, 1, 10, 200.00, 'Julio'),
	(1057, 1081, 1, 10, 200.00, 'Julio'),
	(1058, 1082, 1, 10, 150.00, 'Julio'),
	(1059, 1083, 1, 10, 200.00, 'Julio'),
	(1060, 1084, 1, 10, 150.00, 'Julio'),
	(1061, 1085, 1, 10, 200.00, 'Julio'),
	(1062, 1086, 1, 10, 200.00, 'Julio'),
	(1063, 1087, 1, 10, 200.00, 'Julio'),
	(1064, 1088, 1, 10, 200.00, 'Julio'),
	(1065, 1089, 1, 10, 200.00, 'Julio'),
	(1066, 1090, 1, 10, 200.00, 'Julio'),
	(1067, 1091, 1, 10, 200.00, 'Julio'),
	(1068, 1092, 1, 10, 300.00, 'Julio'),
	(1069, 1093, 1, 10, 200.00, 'Julio'),
	(1070, 1094, 1, 10, 200.00, 'Julio'),
	(1071, 1095, 1, 10, 200.00, 'Julio'),
	(1072, 1096, 1, 10, 200.00, 'Julio'),
	(1073, 1097, 1, 10, 200.00, 'Julio'),
	(1074, 1098, 1, 10, 200.00, 'Julio'),
	(1075, 1099, 1, 10, 150.00, 'Julio'),
	(1076, 1100, 1, 10, 200.00, 'Julio'),
	(1077, 1101, 1, 10, 150.00, 'Julio'),
	(1078, 1102, 1, 10, 200.00, 'Julio'),
	(1079, 1103, 1, 10, 200.00, 'Julio'),
	(1080, 1104, 1, 10, 200.00, 'Julio'),
	(1081, 1105, 1, 10, 200.00, 'Julio'),
	(1082, 1106, 1, 10, 200.00, 'Julio'),
	(1083, 1107, 1, 10, 200.00, 'Julio'),
	(1084, 1108, 1, 10, 200.00, 'Julio'),
	(1085, 1109, 1, 10, 200.00, 'Julio'),
	(1086, 1110, 1, 10, 475.00, 'Julio'),
	(1087, 1111, 1, 10, 200.00, 'Julio'),
	(1088, 1112, 1, 10, 200.00, 'Julio'),
	(1089, 1113, 1, 10, 150.00, 'Julio'),
	(1090, 1114, 1, 10, 200.00, 'Julio'),
	(1091, 1115, 1, 10, 200.00, 'Julio'),
	(1092, 1116, 1, 10, 150.00, 'Julio'),
	(1093, 1117, 1, 10, 200.00, 'Julio'),
	(1094, 1118, 1, 10, 200.00, 'Julio'),
	(1095, 1119, 1, 10, 200.00, 'Julio'),
	(1096, 1120, 1, 10, 300.00, 'Julio'),
	(1097, 1121, 1, 10, 200.00, 'Julio'),
	(1098, 1122, 1, 10, 200.00, 'Julio'),
	(1099, 1123, 1, 10, 200.00, 'Julio'),
	(1100, 1124, 1, 10, 200.00, 'Julio'),
	(1101, 1125, 1, 10, 150.00, 'Julio'),
	(1102, 1126, 1, 10, 200.00, 'Julio'),
	(1103, 1127, 1, 10, 150.00, 'Julio'),
	(1104, 1128, 1, 10, 200.00, 'Julio'),
	(1105, 1129, 1, 10, 200.00, 'Julio'),
	(1106, 1130, 1, 10, 200.00, 'Julio'),
	(1107, 1131, 1, 10, 200.00, 'Julio'),
	(1108, 1132, 1, 10, 200.00, 'Julio'),
	(1109, 1133, 1, 10, 200.00, 'Julio'),
	(1110, 1134, 1, 10, 200.00, 'Julio'),
	(1111, 1135, 1, 10, 200.00, 'Julio'),
	(1112, 1136, 1, 10, 200.00, 'Julio'),
	(1113, 1137, 1, 10, 150.00, 'Julio'),
	(1114, 1138, 1, 10, 150.00, 'Julio'),
	(1115, 1139, 1, 10, 200.00, 'Julio'),
	(1116, 1140, 1, 10, 200.00, 'Julio'),
	(1117, 1141, 1, 10, 200.00, 'Julio'),
	(1118, 1142, 1, 10, 150.00, 'Julio'),
	(1119, 1143, 1, 10, 200.00, 'Julio'),
	(1120, 1144, 1, 10, 150.00, 'Julio'),
	(1121, 1145, 1, 10, 200.00, 'Julio'),
	(1122, 1146, 1, 10, 200.00, 'Julio'),
	(1123, 1147, 1, 10, 200.00, 'Julio'),
	(1124, 1148, 1, 10, 200.00, 'Julio'),
	(1125, 1149, 1, 10, 475.00, 'Julio'),
	(1126, 1150, 1, 10, 200.00, 'Julio'),
	(1127, 1151, 1, 10, 200.00, 'Julio'),
	(1128, 1152, 1, 10, 100.00, 'Julio'),
	(1129, 1153, 1, 10, 150.00, 'Julio'),
	(1130, 1154, 1, 10, 200.00, 'Julio'),
	(1131, 1155, 1, 10, 200.00, 'Julio'),
	(1132, 1156, 1, 10, 200.00, 'Julio'),
	(1133, 1157, 1, 10, 200.00, 'Julio'),
	(1134, 1158, 1, 10, 150.00, 'Julio'),
	(1135, 1159, 1, 10, 200.00, 'Julio'),
	(1136, 1160, 1, 10, 150.00, 'Julio'),
	(1137, 1162, 1, 10, 375.00, 'Julio'),
	(1138, 1163, 1, 10, 200.00, 'Julio'),
	(1139, 1164, 1, 10, 150.00, 'Julio'),
	(1140, 1165, 1, 10, 150.00, 'Julio'),
	(1141, 1166, 1, 10, 200.00, 'Julio'),
	(1142, 1167, 1, 10, 200.00, 'Julio'),
	(1143, 1168, 1, 10, 200.00, 'Julio'),
	(1144, 1169, 1, 10, 200.00, 'Julio'),
	(1145, 1170, 1, 10, 150.00, 'Julio'),
	(1146, 1171, 1, 10, 200.00, 'Julio'),
	(1147, 1172, 1, 10, 200.00, 'Julio'),
	(1148, 1173, 1, 10, 200.00, 'Julio'),
	(1149, 1174, 1, 10, 200.00, 'Julio'),
	(1150, 1175, 1, 10, 150.00, 'Julio'),
	(1151, 1176, 1, 10, 200.00, 'Julio'),
	(1152, 1177, 1, 10, 200.00, 'Julio'),
	(1153, 1178, 1, 10, 150.00, 'Julio'),
	(1154, 1179, 1, 10, 150.00, 'Julio'),
	(1155, 1180, 1, 10, 200.00, 'Julio'),
	(1156, 1181, 1, 10, 200.00, 'Julio'),
	(1157, 1182, 1, 10, 150.00, 'Julio'),
	(1158, 1183, 1, 10, 200.00, 'Julio'),
	(1159, 1184, 1, 10, 200.00, 'Julio'),
	(1160, 1185, 1, 10, 150.00, 'Julio'),
	(1161, 1186, 1, 10, 200.00, 'Julio'),
	(1162, 1187, 1, 10, 150.00, 'Julio'),
	(1163, 1190, 1, 10, 200.00, 'Agosto'),
	(1164, 1191, 1, 10, 300.00, 'Agosto'),
	(1165, 1192, 1, 10, 200.00, 'Agosto'),
	(1166, 1193, 1, 10, 200.00, 'Agosto'),
	(1167, 1194, 1, 10, 300.00, 'Agosto'),
	(1168, 1195, 1, 10, 200.00, 'Agosto'),
	(1169, 1196, 1, 10, 200.00, 'Agosto'),
	(1170, 1197, 1, 10, 150.00, 'Agosto'),
	(1171, 1198, 1, 10, 200.00, 'Agosto'),
	(1172, 1199, 1, 10, 200.00, 'Agosto'),
	(1173, 1200, 1, 10, 200.00, 'Agosto'),
	(1174, 1201, 1, 10, 200.00, 'Agosto'),
	(1175, 1202, 1, 10, 200.00, 'Agosto'),
	(1176, 1203, 1, 10, 150.00, 'Agosto'),
	(1177, 1204, 1, 10, 200.00, 'Agosto'),
	(1178, 1205, 1, 10, 200.00, 'Agosto'),
	(1179, 1206, 1, 10, 200.00, 'Agosto'),
	(1180, 1207, 1, 10, 200.00, 'Agosto'),
	(1181, 1208, 1, 10, 200.00, 'Agosto'),
	(1182, 1209, 1, 10, 200.00, 'Agosto'),
	(1183, 1210, 1, 10, 150.00, 'Agosto'),
	(1184, 1211, 1, 10, 150.00, 'Agosto'),
	(1185, 1212, 1, 10, 150.00, 'Agosto'),
	(1186, 1213, 1, 10, 200.00, 'Agosto'),
	(1187, 1214, 1, 10, 150.00, 'Agosto'),
	(1188, 1215, 1, 10, 150.00, 'Agosto'),
	(1189, 1216, 1, 10, 100.00, 'Agosto'),
	(1190, 1217, 1, 10, 100.00, 'Agosto'),
	(1191, 1218, 1, 10, 150.00, 'Agosto'),
	(1192, 1219, 1, 10, 150.00, 'Agosto'),
	(1193, 1220, 1, 10, 150.00, 'Agosto'),
	(1194, 1221, 1, 10, 150.00, 'Agosto'),
	(1195, 1222, 1, 10, 200.00, 'Agosto'),
	(1196, 1223, 1, 10, 150.00, 'Agosto'),
	(1197, 1224, 1, 10, 200.00, 'Agosto'),
	(1198, 1225, 1, 10, 200.00, 'Agosto'),
	(1199, 1226, 1, 10, 200.00, 'Agosto'),
	(1200, 1227, 1, 10, 200.00, 'Agosto'),
	(1201, 1228, 1, 10, 200.00, 'Agosto'),
	(1202, 1229, 1, 10, 150.00, 'Agosto'),
	(1203, 1230, 1, 10, 200.00, 'Agosto'),
	(1204, 1231, 1, 10, 200.00, 'Agosto'),
	(1205, 1232, 1, 10, 150.00, 'Agosto'),
	(1206, 1233, 1, 10, 200.00, 'Agosto'),
	(1207, 1234, 1, 10, 200.00, 'Agosto'),
	(1208, 1235, 1, 10, 200.00, 'Agosto'),
	(1209, 1236, 1, 10, 150.00, 'Agosto'),
	(1210, 1237, 1, 10, 200.00, 'Agosto'),
	(1211, 1238, 1, 10, 200.00, 'Agosto'),
	(1212, 1239, 1, 10, 200.00, 'Agosto'),
	(1213, 1240, 1, 10, 200.00, 'Agosto'),
	(1214, 1241, 1, 10, 200.00, 'Agosto'),
	(1215, 1242, 1, 10, 200.00, 'Agosto'),
	(1216, 1243, 1, 10, 200.00, 'Agosto'),
	(1217, 1244, 1, 10, 200.00, 'Agosto'),
	(1218, 1245, 1, 10, 200.00, 'Agosto'),
	(1219, 1246, 1, 10, 200.00, 'Agosto'),
	(1220, 1247, 1, 10, 200.00, 'Agosto'),
	(1221, 1248, 1, 10, 200.00, 'Agosto'),
	(1222, 1249, 1, 10, 200.00, 'Agosto'),
	(1223, 1250, 1, 10, 200.00, 'Agosto'),
	(1224, 1251, 1, 10, 150.00, 'Agosto'),
	(1225, 1252, 1, 10, 200.00, 'Agosto'),
	(1226, 1253, 1, 10, 150.00, 'Agosto'),
	(1227, 1254, 1, 10, 200.00, 'Agosto'),
	(1228, 1255, 1, 10, 200.00, 'Agosto'),
	(1229, 1256, 1, 10, 200.00, 'Agosto'),
	(1230, 1257, 1, 10, 200.00, 'Agosto'),
	(1231, 1258, 1, 10, 200.00, 'Agosto'),
	(1232, 1259, 1, 10, 200.00, 'Agosto'),
	(1233, 1260, 1, 10, 200.00, 'Agosto'),
	(1234, 1261, 1, 10, 300.00, 'Agosto'),
	(1235, 1262, 1, 10, 200.00, 'Agosto'),
	(1236, 1263, 1, 10, 200.00, 'Agosto'),
	(1237, 1264, 1, 10, 200.00, 'Agosto'),
	(1238, 1265, 1, 10, 200.00, 'Agosto'),
	(1239, 1266, 1, 10, 200.00, 'Agosto'),
	(1240, 1267, 1, 10, 200.00, 'Agosto'),
	(1241, 1268, 1, 10, 150.00, 'Agosto'),
	(1242, 1269, 1, 10, 200.00, 'Agosto'),
	(1243, 1270, 1, 10, 150.00, 'Agosto'),
	(1244, 1271, 1, 10, 200.00, 'Agosto'),
	(1245, 1272, 1, 10, 200.00, 'Agosto'),
	(1246, 1273, 1, 10, 200.00, 'Agosto'),
	(1247, 1274, 1, 10, 200.00, 'Agosto'),
	(1248, 1275, 1, 10, 200.00, 'Agosto'),
	(1249, 1276, 1, 10, 200.00, 'Agosto'),
	(1250, 1277, 1, 10, 200.00, 'Agosto'),
	(1251, 1278, 1, 10, 200.00, 'Agosto'),
	(1252, 1279, 1, 10, 475.00, 'Agosto'),
	(1253, 1280, 1, 10, 200.00, 'Agosto'),
	(1254, 1281, 1, 10, 200.00, 'Agosto'),
	(1255, 1282, 1, 10, 150.00, 'Agosto'),
	(1256, 1283, 1, 10, 200.00, 'Agosto'),
	(1257, 1284, 1, 10, 200.00, 'Agosto'),
	(1258, 1285, 1, 10, 150.00, 'Agosto'),
	(1259, 1286, 1, 10, 200.00, 'Agosto'),
	(1260, 1287, 1, 10, 200.00, 'Agosto'),
	(1261, 1288, 1, 10, 200.00, 'Agosto'),
	(1262, 1289, 1, 10, 300.00, 'Agosto'),
	(1263, 1290, 1, 10, 200.00, 'Agosto'),
	(1264, 1291, 1, 10, 200.00, 'Agosto'),
	(1265, 1292, 1, 10, 200.00, 'Agosto'),
	(1266, 1293, 1, 10, 200.00, 'Agosto'),
	(1267, 1294, 1, 10, 150.00, 'Agosto'),
	(1268, 1295, 1, 10, 200.00, 'Agosto'),
	(1269, 1296, 1, 10, 150.00, 'Agosto'),
	(1270, 1297, 1, 10, 200.00, 'Agosto'),
	(1271, 1298, 1, 10, 200.00, 'Agosto'),
	(1272, 1299, 1, 10, 200.00, 'Agosto'),
	(1273, 1300, 1, 10, 200.00, 'Agosto'),
	(1274, 1301, 1, 10, 200.00, 'Agosto'),
	(1275, 1302, 1, 10, 200.00, 'Agosto'),
	(1276, 1303, 1, 10, 200.00, 'Agosto'),
	(1277, 1304, 1, 10, 200.00, 'Agosto'),
	(1278, 1305, 1, 10, 200.00, 'Agosto'),
	(1279, 1306, 1, 10, 150.00, 'Agosto'),
	(1280, 1307, 1, 10, 150.00, 'Agosto'),
	(1281, 1308, 1, 10, 200.00, 'Agosto'),
	(1282, 1309, 1, 10, 200.00, 'Agosto'),
	(1283, 1310, 1, 10, 200.00, 'Agosto'),
	(1284, 1311, 1, 10, 150.00, 'Agosto'),
	(1285, 1312, 1, 10, 200.00, 'Agosto'),
	(1286, 1313, 1, 10, 150.00, 'Agosto'),
	(1287, 1314, 1, 10, 200.00, 'Agosto'),
	(1288, 1315, 1, 10, 200.00, 'Agosto'),
	(1289, 1316, 1, 10, 200.00, 'Agosto'),
	(1290, 1317, 1, 10, 200.00, 'Agosto'),
	(1291, 1318, 1, 10, 475.00, 'Agosto'),
	(1292, 1319, 1, 10, 200.00, 'Agosto'),
	(1293, 1320, 1, 10, 200.00, 'Agosto'),
	(1294, 1321, 1, 10, 100.00, 'Agosto'),
	(1295, 1322, 1, 10, 150.00, 'Agosto'),
	(1296, 1323, 1, 10, 200.00, 'Agosto'),
	(1297, 1324, 1, 10, 200.00, 'Agosto'),
	(1298, 1325, 1, 10, 200.00, 'Agosto'),
	(1299, 1326, 1, 10, 200.00, 'Agosto'),
	(1300, 1327, 1, 10, 150.00, 'Agosto'),
	(1301, 1328, 1, 10, 200.00, 'Agosto'),
	(1302, 1329, 1, 10, 150.00, 'Agosto'),
	(1303, 1331, 1, 10, 375.00, 'Agosto'),
	(1304, 1332, 1, 10, 200.00, 'Agosto'),
	(1305, 1333, 1, 10, 150.00, 'Agosto'),
	(1306, 1334, 1, 10, 150.00, 'Agosto'),
	(1307, 1335, 1, 10, 200.00, 'Agosto'),
	(1308, 1336, 1, 10, 200.00, 'Agosto'),
	(1309, 1337, 1, 10, 200.00, 'Agosto'),
	(1310, 1338, 1, 10, 200.00, 'Agosto'),
	(1311, 1339, 1, 10, 150.00, 'Agosto'),
	(1312, 1340, 1, 10, 200.00, 'Agosto'),
	(1313, 1341, 1, 10, 200.00, 'Agosto'),
	(1314, 1342, 1, 10, 200.00, 'Agosto'),
	(1315, 1343, 1, 10, 200.00, 'Agosto'),
	(1316, 1344, 1, 10, 150.00, 'Agosto'),
	(1317, 1345, 1, 10, 200.00, 'Agosto'),
	(1318, 1346, 1, 10, 200.00, 'Agosto'),
	(1319, 1347, 1, 10, 150.00, 'Agosto'),
	(1320, 1348, 1, 10, 150.00, 'Agosto'),
	(1321, 1349, 1, 10, 200.00, 'Agosto'),
	(1322, 1350, 1, 10, 200.00, 'Agosto'),
	(1323, 1351, 1, 10, 150.00, 'Agosto'),
	(1324, 1352, 1, 10, 200.00, 'Agosto'),
	(1325, 1353, 1, 10, 200.00, 'Agosto'),
	(1326, 1354, 1, 10, 150.00, 'Agosto'),
	(1327, 1355, 1, 10, 200.00, 'Agosto'),
	(1328, 1356, 1, 10, 150.00, 'Agosto'),
	(1329, 1359, 1, 10, 200.00, 'Septiembre'),
	(1330, 1360, 1, 10, 300.00, 'Septiembre'),
	(1331, 1361, 1, 10, 200.00, 'Septiembre'),
	(1332, 1362, 1, 10, 200.00, 'Septiembre'),
	(1333, 1363, 1, 10, 300.00, 'Septiembre'),
	(1334, 1364, 1, 10, 200.00, 'Septiembre'),
	(1335, 1365, 1, 10, 200.00, 'Septiembre'),
	(1336, 1366, 1, 10, 150.00, 'Septiembre'),
	(1337, 1367, 1, 10, 200.00, 'Septiembre'),
	(1338, 1368, 1, 10, 200.00, 'Septiembre'),
	(1339, 1369, 1, 10, 200.00, 'Septiembre'),
	(1340, 1370, 1, 10, 200.00, 'Septiembre'),
	(1341, 1371, 1, 10, 200.00, 'Septiembre'),
	(1342, 1372, 1, 10, 150.00, 'Septiembre'),
	(1343, 1373, 1, 10, 200.00, 'Septiembre'),
	(1344, 1374, 1, 10, 200.00, 'Septiembre'),
	(1345, 1375, 1, 10, 200.00, 'Septiembre'),
	(1346, 1376, 1, 10, 200.00, 'Septiembre'),
	(1347, 1377, 1, 10, 200.00, 'Septiembre'),
	(1348, 1378, 1, 10, 200.00, 'Septiembre'),
	(1349, 1379, 1, 10, 150.00, 'Septiembre'),
	(1350, 1380, 1, 10, 150.00, 'Septiembre'),
	(1351, 1381, 1, 10, 150.00, 'Septiembre'),
	(1352, 1382, 1, 10, 200.00, 'Septiembre'),
	(1353, 1383, 1, 10, 150.00, 'Septiembre'),
	(1354, 1384, 1, 10, 150.00, 'Septiembre'),
	(1355, 1385, 1, 10, 100.00, 'Septiembre'),
	(1356, 1386, 1, 10, 100.00, 'Septiembre'),
	(1357, 1387, 1, 10, 150.00, 'Septiembre'),
	(1358, 1388, 1, 10, 150.00, 'Septiembre'),
	(1359, 1389, 1, 10, 150.00, 'Septiembre'),
	(1360, 1390, 1, 10, 150.00, 'Septiembre'),
	(1361, 1391, 1, 10, 200.00, 'Septiembre'),
	(1362, 1392, 1, 10, 150.00, 'Septiembre'),
	(1363, 1393, 1, 10, 200.00, 'Septiembre'),
	(1364, 1394, 1, 10, 200.00, 'Septiembre'),
	(1365, 1395, 1, 10, 200.00, 'Septiembre'),
	(1366, 1396, 1, 10, 200.00, 'Septiembre'),
	(1367, 1397, 1, 10, 200.00, 'Septiembre'),
	(1368, 1398, 1, 10, 150.00, 'Septiembre'),
	(1369, 1399, 1, 10, 200.00, 'Septiembre'),
	(1370, 1400, 1, 10, 200.00, 'Septiembre'),
	(1371, 1401, 1, 10, 150.00, 'Septiembre'),
	(1372, 1402, 1, 10, 200.00, 'Septiembre'),
	(1373, 1403, 1, 10, 200.00, 'Septiembre'),
	(1374, 1404, 1, 10, 200.00, 'Septiembre'),
	(1375, 1405, 1, 10, 150.00, 'Septiembre'),
	(1376, 1406, 1, 10, 200.00, 'Septiembre'),
	(1377, 1407, 1, 10, 200.00, 'Septiembre'),
	(1378, 1408, 1, 10, 200.00, 'Septiembre'),
	(1379, 1409, 1, 10, 200.00, 'Septiembre'),
	(1380, 1410, 1, 10, 200.00, 'Septiembre'),
	(1381, 1411, 1, 10, 200.00, 'Septiembre'),
	(1382, 1412, 1, 10, 200.00, 'Septiembre'),
	(1383, 1413, 1, 10, 200.00, 'Septiembre'),
	(1384, 1414, 1, 10, 200.00, 'Septiembre'),
	(1385, 1415, 1, 10, 200.00, 'Septiembre'),
	(1386, 1416, 1, 10, 200.00, 'Septiembre'),
	(1387, 1417, 1, 10, 200.00, 'Septiembre'),
	(1388, 1418, 1, 10, 200.00, 'Septiembre'),
	(1389, 1419, 1, 10, 200.00, 'Septiembre'),
	(1390, 1420, 1, 10, 150.00, 'Septiembre'),
	(1391, 1421, 1, 10, 200.00, 'Septiembre'),
	(1392, 1422, 1, 10, 150.00, 'Septiembre'),
	(1393, 1423, 1, 10, 200.00, 'Septiembre'),
	(1394, 1424, 1, 10, 200.00, 'Septiembre'),
	(1395, 1425, 1, 10, 200.00, 'Septiembre'),
	(1396, 1426, 1, 10, 200.00, 'Septiembre'),
	(1397, 1427, 1, 10, 200.00, 'Septiembre'),
	(1398, 1428, 1, 10, 200.00, 'Septiembre'),
	(1399, 1429, 1, 10, 200.00, 'Septiembre'),
	(1400, 1430, 1, 10, 300.00, 'Septiembre'),
	(1401, 1431, 1, 10, 200.00, 'Septiembre'),
	(1402, 1432, 1, 10, 200.00, 'Septiembre'),
	(1403, 1433, 1, 10, 200.00, 'Septiembre'),
	(1404, 1434, 1, 10, 200.00, 'Septiembre'),
	(1405, 1435, 1, 10, 200.00, 'Septiembre'),
	(1406, 1436, 1, 10, 200.00, 'Septiembre'),
	(1407, 1437, 1, 10, 150.00, 'Septiembre'),
	(1408, 1438, 1, 10, 200.00, 'Septiembre'),
	(1409, 1439, 1, 10, 150.00, 'Septiembre'),
	(1410, 1440, 1, 10, 200.00, 'Septiembre'),
	(1411, 1441, 1, 10, 200.00, 'Septiembre'),
	(1412, 1442, 1, 10, 200.00, 'Septiembre'),
	(1413, 1443, 1, 10, 200.00, 'Septiembre'),
	(1414, 1444, 1, 10, 200.00, 'Septiembre'),
	(1415, 1445, 1, 10, 200.00, 'Septiembre'),
	(1416, 1446, 1, 10, 200.00, 'Septiembre'),
	(1417, 1447, 1, 10, 200.00, 'Septiembre'),
	(1418, 1448, 1, 10, 475.00, 'Septiembre'),
	(1419, 1449, 1, 10, 200.00, 'Septiembre'),
	(1420, 1450, 1, 10, 200.00, 'Septiembre'),
	(1421, 1451, 1, 10, 150.00, 'Septiembre'),
	(1422, 1452, 1, 10, 200.00, 'Septiembre'),
	(1423, 1453, 1, 10, 200.00, 'Septiembre'),
	(1424, 1454, 1, 10, 150.00, 'Septiembre'),
	(1425, 1455, 1, 10, 200.00, 'Septiembre'),
	(1426, 1456, 1, 10, 200.00, 'Septiembre'),
	(1427, 1457, 1, 10, 200.00, 'Septiembre'),
	(1428, 1458, 1, 10, 300.00, 'Septiembre'),
	(1429, 1459, 1, 10, 200.00, 'Septiembre'),
	(1430, 1460, 1, 10, 200.00, 'Septiembre'),
	(1431, 1461, 1, 10, 200.00, 'Septiembre'),
	(1432, 1462, 1, 10, 200.00, 'Septiembre'),
	(1433, 1463, 1, 10, 150.00, 'Septiembre'),
	(1434, 1464, 1, 10, 200.00, 'Septiembre'),
	(1435, 1465, 1, 10, 150.00, 'Septiembre'),
	(1436, 1466, 1, 10, 200.00, 'Septiembre'),
	(1437, 1467, 1, 10, 200.00, 'Septiembre'),
	(1438, 1468, 1, 10, 200.00, 'Septiembre'),
	(1439, 1469, 1, 10, 200.00, 'Septiembre'),
	(1440, 1470, 1, 10, 200.00, 'Septiembre'),
	(1441, 1471, 1, 10, 200.00, 'Septiembre'),
	(1442, 1472, 1, 10, 200.00, 'Septiembre'),
	(1443, 1473, 1, 10, 200.00, 'Septiembre'),
	(1444, 1474, 1, 10, 200.00, 'Septiembre'),
	(1445, 1475, 1, 10, 150.00, 'Septiembre'),
	(1446, 1476, 1, 10, 150.00, 'Septiembre'),
	(1447, 1477, 1, 10, 200.00, 'Septiembre'),
	(1448, 1478, 1, 10, 200.00, 'Septiembre'),
	(1449, 1479, 1, 10, 200.00, 'Septiembre'),
	(1450, 1480, 1, 10, 150.00, 'Septiembre'),
	(1451, 1481, 1, 10, 200.00, 'Septiembre'),
	(1452, 1482, 1, 10, 150.00, 'Septiembre'),
	(1453, 1483, 1, 10, 200.00, 'Septiembre'),
	(1454, 1484, 1, 10, 200.00, 'Septiembre'),
	(1455, 1485, 1, 10, 200.00, 'Septiembre'),
	(1456, 1486, 1, 10, 200.00, 'Septiembre'),
	(1457, 1487, 1, 10, 475.00, 'Septiembre'),
	(1458, 1488, 1, 10, 200.00, 'Septiembre'),
	(1459, 1489, 1, 10, 200.00, 'Septiembre'),
	(1460, 1490, 1, 10, 100.00, 'Septiembre'),
	(1461, 1491, 1, 10, 150.00, 'Septiembre'),
	(1462, 1492, 1, 10, 200.00, 'Septiembre'),
	(1463, 1493, 1, 10, 200.00, 'Septiembre'),
	(1464, 1494, 1, 10, 200.00, 'Septiembre'),
	(1465, 1495, 1, 10, 200.00, 'Septiembre'),
	(1466, 1496, 1, 10, 150.00, 'Septiembre'),
	(1467, 1497, 1, 10, 200.00, 'Septiembre'),
	(1468, 1498, 1, 10, 150.00, 'Septiembre'),
	(1469, 1500, 1, 10, 375.00, 'Septiembre'),
	(1470, 1501, 1, 10, 200.00, 'Septiembre'),
	(1471, 1502, 1, 10, 150.00, 'Septiembre'),
	(1472, 1503, 1, 10, 150.00, 'Septiembre'),
	(1473, 1504, 1, 10, 200.00, 'Septiembre'),
	(1474, 1505, 1, 10, 200.00, 'Septiembre'),
	(1475, 1506, 1, 10, 200.00, 'Septiembre'),
	(1476, 1507, 1, 10, 200.00, 'Septiembre'),
	(1477, 1508, 1, 10, 150.00, 'Septiembre'),
	(1478, 1509, 1, 10, 200.00, 'Septiembre'),
	(1479, 1510, 1, 10, 200.00, 'Septiembre'),
	(1480, 1511, 1, 10, 200.00, 'Septiembre'),
	(1481, 1512, 1, 10, 200.00, 'Septiembre'),
	(1482, 1513, 1, 10, 150.00, 'Septiembre'),
	(1483, 1514, 1, 10, 200.00, 'Septiembre'),
	(1484, 1515, 1, 10, 200.00, 'Septiembre'),
	(1485, 1516, 1, 10, 150.00, 'Septiembre'),
	(1486, 1517, 1, 10, 150.00, 'Septiembre'),
	(1487, 1518, 1, 10, 200.00, 'Septiembre'),
	(1488, 1519, 1, 10, 200.00, 'Septiembre'),
	(1489, 1520, 1, 10, 150.00, 'Septiembre'),
	(1490, 1521, 1, 10, 200.00, 'Septiembre'),
	(1491, 1522, 1, 10, 200.00, 'Septiembre'),
	(1492, 1523, 1, 10, 150.00, 'Septiembre'),
	(1493, 1524, 1, 10, 200.00, 'Septiembre'),
	(1494, 1525, 1, 10, 150.00, 'Septiembre'),
	(1668, 2037, 1, 10, 100.00, 'Agosto'),
	(1669, 2038, 1, 10, 100.00, 'Octubre'),
	(1672, 2041, 1, 10, 100.00, 'Septiembre'),
	(1674, 2042, 1, 10, 100.00, 'Junio'),
	(1675, 2043, 1, 10, 100.00, 'Julio'),
	(1676, 2044, 1, 10, 100.00, 'Mayo');
/*!40000 ALTER TABLE `detalle_factura` ENABLE KEYS */;

-- Volcando estructura para tabla links_db.empresa
CREATE TABLE IF NOT EXISTS `empresa` (
  `id_empresa` int NOT NULL AUTO_INCREMENT,
  `nombre_empresa` varchar(45) CHARACTER SET utf8 COLLATE utf8_spanish_ci NOT NULL,
  `representante_legal` varchar(100) CHARACTER SET utf8 COLLATE utf8_spanish_ci NOT NULL,
  `nit_empresa` varchar(13) CHARACTER SET utf8 COLLATE utf8_spanish_ci NOT NULL,
  `telefono_empresa` varchar(45) CHARACTER SET utf8 COLLATE utf8_spanish_ci NOT NULL,
  `correo_empresa` varchar(50) CHARACTER SET utf8 COLLATE utf8_spanish_ci NOT NULL,
  `id_municipio` int NOT NULL,
  `domicilio` varchar(250) CHARACTER SET utf8 COLLATE utf8_spanish_ci NOT NULL,
  `ubicacion_gps` varchar(75) COLLATE utf8_spanish_ci DEFAULT NULL,
  PRIMARY KEY (`id_empresa`),
  KEY `e_municipio_idx` (`id_municipio`),
  CONSTRAINT `e_municipio_fk` FOREIGN KEY (`id_municipio`) REFERENCES `municipio` (`id_municipio`)
) ENGINE=InnoDB AUTO_INCREMENT=2 DEFAULT CHARSET=utf8 COLLATE=utf8_spanish_ci;

-- Volcando datos para la tabla links_db.empresa: ~1 rows (aproximadamente)
DELETE FROM `empresa`;
/*!40000 ALTER TABLE `empresa` DISABLE KEYS */;
INSERT INTO `empresa` (`id_empresa`, `nombre_empresa`, `representante_legal`, `nit_empresa`, `telefono_empresa`, `correo_empresa`, `id_municipio`, `domicilio`, `ubicacion_gps`) VALUES
	(1, 'LINKS MEGA RED', 'Juan Carlos Vicente Pablo', '1878887-4', '52003750/77625013', 'linkssolola@gmail.com', 1, 'Caserío Nueva Esperanza, Xajaxac', '12.345, -67.891');
/*!40000 ALTER TABLE `empresa` ENABLE KEYS */;

-- Volcando estructura para tabla links_db.estado_pago
CREATE TABLE IF NOT EXISTS `estado_pago` (
  `id_estado_pago` int NOT NULL AUTO_INCREMENT,
  `nombre_estado` varchar(50) CHARACTER SET utf8 COLLATE utf8_spanish_ci NOT NULL,
  PRIMARY KEY (`id_estado_pago`)
) ENGINE=InnoDB AUTO_INCREMENT=3 DEFAULT CHARSET=utf8 COLLATE=utf8_spanish_ci;

-- Volcando datos para la tabla links_db.estado_pago: ~2 rows (aproximadamente)
DELETE FROM `estado_pago`;
/*!40000 ALTER TABLE `estado_pago` DISABLE KEYS */;
INSERT INTO `estado_pago` (`id_estado_pago`, `nombre_estado`) VALUES
	(1, 'Cancelado'),
	(2, 'Pendiente');
/*!40000 ALTER TABLE `estado_pago` ENABLE KEYS */;

-- Volcando estructura para tabla links_db.factura
CREATE TABLE IF NOT EXISTS `factura` (
  `idfactura` int NOT NULL AUTO_INCREMENT,
  `fecha` date NOT NULL,
  `id_cliente` int NOT NULL,
  `id_usuario` int NOT NULL,
  `id_estado_pago` int NOT NULL,
  `fecha_pago` date NOT NULL DEFAULT '0000-00-00',
  PRIMARY KEY (`idfactura`),
  KEY `fac_cliente_idx` (`id_cliente`),
  KEY `fac_usuario_idx` (`id_usuario`),
  KEY `id_estado_pago` (`id_estado_pago`),
  CONSTRAINT `fac_cliente_fk` FOREIGN KEY (`id_cliente`) REFERENCES `cliente` (`id_cliente`),
  CONSTRAINT `fac_usuario_fk` FOREIGN KEY (`id_usuario`) REFERENCES `usuario` (`id_usuario`),
  CONSTRAINT `FK_factura_estado_pago` FOREIGN KEY (`id_estado_pago`) REFERENCES `estado_pago` (`id_estado_pago`)
) ENGINE=InnoDB AUTO_INCREMENT=2045 DEFAULT CHARSET=utf8 COLLATE=utf8_spanish_ci;

-- Volcando datos para la tabla links_db.factura: ~1,494 rows (aproximadamente)
DELETE FROM `factura`;
/*!40000 ALTER TABLE `factura` DISABLE KEYS */;
INSERT INTO `factura` (`idfactura`, `fecha`, `id_cliente`, `id_usuario`, `id_estado_pago`, `fecha_pago`) VALUES
	(7, '2021-01-05', 36, 2, 1, '2021-01-05'),
	(8, '2021-01-05', 37, 2, 1, '2021-01-05'),
	(9, '2021-01-05', 38, 2, 1, '2021-01-05'),
	(10, '2021-01-05', 39, 2, 1, '2021-01-05'),
	(11, '2021-01-05', 40, 2, 1, '2021-01-05'),
	(12, '2021-01-05', 41, 2, 1, '2021-01-05'),
	(13, '2021-01-05', 42, 2, 1, '2021-01-05'),
	(14, '2021-01-05', 43, 2, 1, '2021-01-05'),
	(15, '2021-01-05', 44, 2, 1, '2021-01-05'),
	(16, '2021-01-05', 45, 2, 1, '2021-01-05'),
	(17, '2021-01-05', 46, 2, 1, '2021-01-05'),
	(18, '2021-01-05', 47, 2, 1, '2021-01-05'),
	(19, '2021-01-05', 48, 2, 1, '2021-01-05'),
	(20, '2021-01-05', 49, 2, 1, '2021-01-05'),
	(21, '2021-01-05', 50, 2, 1, '2021-01-05'),
	(22, '2021-01-05', 51, 2, 1, '2021-01-05'),
	(23, '2021-01-05', 52, 2, 1, '2021-01-05'),
	(24, '2021-01-05', 53, 2, 1, '2021-01-05'),
	(25, '2021-01-05', 54, 2, 1, '2021-01-05'),
	(26, '2021-01-05', 55, 2, 1, '2021-01-05'),
	(27, '2021-01-05', 56, 2, 1, '2021-01-05'),
	(28, '2021-01-05', 57, 2, 1, '2021-01-05'),
	(29, '2021-01-05', 58, 2, 1, '2021-01-05'),
	(30, '2021-01-05', 59, 2, 1, '2021-01-05'),
	(31, '2021-01-05', 60, 2, 1, '2021-01-05'),
	(32, '2021-01-05', 61, 2, 1, '2021-01-05'),
	(33, '2021-01-05', 62, 2, 1, '2021-01-05'),
	(34, '2021-01-05', 63, 2, 1, '2021-01-05'),
	(35, '2021-01-05', 64, 2, 1, '2021-01-05'),
	(36, '2021-01-05', 65, 2, 1, '2021-01-05'),
	(37, '2021-01-05', 66, 2, 1, '2021-01-05'),
	(38, '2021-01-05', 67, 2, 1, '2021-01-05'),
	(39, '2021-01-05', 68, 2, 1, '2021-01-05'),
	(40, '2021-01-05', 69, 2, 1, '2021-01-05'),
	(41, '2021-01-05', 70, 2, 1, '2021-01-05'),
	(42, '2021-01-05', 71, 2, 1, '2021-01-05'),
	(43, '2021-01-05', 72, 2, 1, '2021-01-05'),
	(44, '2021-01-05', 73, 2, 1, '2021-01-05'),
	(45, '2021-01-05', 74, 2, 1, '2021-01-05'),
	(46, '2021-01-05', 75, 2, 1, '2021-01-05'),
	(47, '2021-01-05', 76, 2, 1, '2021-01-05'),
	(48, '2021-01-05', 77, 2, 1, '2021-01-05'),
	(49, '2021-01-05', 78, 2, 1, '2021-01-05'),
	(50, '2021-01-05', 79, 2, 1, '2021-01-05'),
	(51, '2021-01-05', 80, 2, 1, '2021-01-05'),
	(52, '2021-01-05', 81, 2, 1, '2021-01-05'),
	(53, '2021-01-05', 82, 2, 1, '2021-01-05'),
	(54, '2021-01-05', 83, 2, 1, '2021-01-05'),
	(55, '2021-01-05', 84, 2, 1, '2021-01-05'),
	(56, '2021-01-05', 85, 2, 1, '2021-01-05'),
	(57, '2021-01-05', 86, 2, 1, '2021-01-05'),
	(58, '2021-01-05', 87, 2, 1, '2021-01-05'),
	(59, '2021-01-05', 88, 2, 1, '2021-01-05'),
	(60, '2021-01-05', 89, 2, 1, '2021-01-05'),
	(61, '2021-01-05', 90, 2, 1, '2021-01-05'),
	(62, '2021-01-05', 91, 2, 1, '2021-01-05'),
	(63, '2021-01-05', 92, 2, 1, '2021-01-05'),
	(64, '2021-01-05', 93, 2, 1, '2021-01-05'),
	(65, '2021-01-05', 94, 2, 1, '2021-01-05'),
	(66, '2021-01-05', 95, 2, 1, '2021-01-05'),
	(67, '2021-01-05', 96, 2, 1, '2021-01-05'),
	(68, '2021-01-05', 97, 2, 1, '2021-01-05'),
	(69, '2021-01-05', 98, 2, 1, '2021-01-05'),
	(70, '2021-01-05', 99, 2, 1, '2021-01-05'),
	(71, '2021-01-05', 100, 2, 1, '2021-01-05'),
	(72, '2021-01-05', 101, 2, 1, '2021-01-05'),
	(73, '2021-01-05', 102, 2, 1, '2021-01-05'),
	(74, '2021-01-05', 103, 2, 1, '2021-01-05'),
	(75, '2021-01-05', 104, 2, 1, '2021-01-05'),
	(76, '2021-01-05', 105, 2, 1, '2021-01-05'),
	(77, '2021-01-05', 106, 2, 1, '2021-01-05'),
	(78, '2021-01-05', 107, 2, 1, '2021-01-05'),
	(79, '2021-01-05', 108, 2, 1, '2021-01-05'),
	(80, '2021-01-05', 109, 2, 1, '2021-01-05'),
	(81, '2021-01-05', 110, 2, 1, '2021-01-05'),
	(82, '2021-01-05', 111, 2, 1, '2021-01-05'),
	(83, '2021-01-05', 112, 2, 1, '2021-01-05'),
	(84, '2021-01-05', 113, 2, 1, '2021-01-05'),
	(85, '2021-01-05', 114, 2, 1, '2021-01-05'),
	(86, '2021-01-05', 115, 2, 1, '2021-01-05'),
	(87, '2021-01-05', 116, 2, 1, '2021-01-05'),
	(88, '2021-01-05', 117, 2, 1, '2021-01-05'),
	(89, '2021-01-05', 118, 2, 1, '2021-01-05'),
	(90, '2021-01-05', 119, 2, 1, '2021-01-05'),
	(91, '2021-01-05', 120, 2, 1, '2021-01-05'),
	(92, '2021-01-05', 121, 2, 1, '2021-01-05'),
	(93, '2021-01-05', 122, 2, 1, '2021-01-05'),
	(94, '2021-01-05', 123, 2, 1, '2021-01-05'),
	(95, '2021-01-05', 124, 2, 1, '2021-01-05'),
	(96, '2021-01-05', 125, 2, 1, '2021-01-05'),
	(97, '2021-01-05', 126, 2, 1, '2021-01-05'),
	(98, '2021-01-05', 127, 2, 1, '2021-01-05'),
	(99, '2021-01-05', 128, 2, 1, '2021-01-05'),
	(100, '2021-01-05', 129, 2, 1, '2021-01-05'),
	(101, '2021-01-05', 130, 2, 1, '2021-01-05'),
	(102, '2021-01-05', 131, 2, 1, '2021-01-05'),
	(103, '2021-01-05', 132, 2, 1, '2021-01-05'),
	(104, '2021-01-05', 133, 2, 1, '2021-01-05'),
	(105, '2021-01-05', 134, 2, 1, '2021-01-05'),
	(106, '2021-01-05', 135, 2, 1, '2021-01-05'),
	(107, '2021-01-05', 136, 2, 1, '2021-01-05'),
	(108, '2021-01-05', 137, 2, 1, '2021-01-05'),
	(109, '2021-01-05', 138, 2, 1, '2021-01-05'),
	(110, '2021-01-05', 139, 2, 1, '2021-01-05'),
	(111, '2021-01-05', 140, 2, 1, '2021-01-05'),
	(112, '2021-01-05', 141, 2, 1, '2021-01-05'),
	(113, '2021-01-05', 142, 2, 1, '2021-01-05'),
	(114, '2021-01-05', 143, 2, 1, '2021-01-05'),
	(115, '2021-01-05', 144, 2, 1, '2021-01-05'),
	(116, '2021-01-05', 145, 2, 1, '2021-01-05'),
	(117, '2021-01-05', 146, 2, 1, '2021-01-05'),
	(118, '2021-01-05', 147, 2, 1, '2021-01-05'),
	(119, '2021-01-05', 148, 2, 1, '2021-01-05'),
	(120, '2021-01-05', 149, 2, 1, '2021-01-05'),
	(121, '2021-01-05', 150, 2, 1, '2021-01-05'),
	(122, '2021-01-05', 151, 2, 1, '2021-01-05'),
	(123, '2021-01-05', 152, 2, 1, '2021-01-05'),
	(124, '2021-01-05', 153, 2, 1, '2021-01-05'),
	(125, '2021-01-05', 154, 2, 1, '2021-01-05'),
	(126, '2021-01-05', 155, 2, 1, '2021-01-05'),
	(127, '2021-01-05', 156, 2, 1, '2021-01-05'),
	(128, '2021-01-05', 157, 2, 1, '2021-01-05'),
	(129, '2021-01-05', 158, 2, 1, '2021-01-05'),
	(130, '2021-01-05', 159, 2, 1, '2021-01-05'),
	(131, '2021-01-05', 160, 2, 1, '2021-01-05'),
	(132, '2021-01-05', 161, 2, 1, '2021-01-05'),
	(133, '2021-01-05', 162, 2, 1, '2021-01-05'),
	(134, '2021-01-05', 163, 2, 1, '2021-01-05'),
	(135, '2021-01-05', 164, 2, 1, '2021-01-05'),
	(136, '2021-01-05', 165, 2, 1, '2021-01-05'),
	(137, '2021-01-05', 166, 2, 1, '2021-01-05'),
	(138, '2021-01-05', 167, 2, 1, '2021-01-05'),
	(139, '2021-01-05', 168, 2, 1, '2021-01-05'),
	(140, '2021-01-05', 169, 2, 1, '2021-01-05'),
	(141, '2021-01-05', 170, 2, 1, '2021-01-05'),
	(142, '2021-01-05', 171, 2, 1, '2021-01-05'),
	(143, '2021-01-05', 172, 2, 1, '2021-01-05'),
	(144, '2021-01-05', 173, 2, 1, '2021-01-05'),
	(145, '2021-01-05', 174, 2, 1, '2021-01-05'),
	(146, '2021-01-05', 175, 2, 1, '2021-01-05'),
	(148, '2021-01-05', 177, 2, 1, '2021-01-05'),
	(149, '2021-01-05', 178, 2, 1, '2021-01-05'),
	(150, '2021-01-05', 179, 2, 1, '2021-01-05'),
	(151, '2021-01-05', 180, 2, 1, '2021-01-05'),
	(152, '2021-01-05', 181, 2, 1, '2021-01-05'),
	(153, '2021-01-05', 182, 2, 1, '2021-01-05'),
	(154, '2021-01-05', 183, 2, 1, '2021-01-05'),
	(155, '2021-01-05', 184, 2, 1, '2021-01-05'),
	(156, '2021-01-05', 185, 2, 1, '2021-01-05'),
	(157, '2021-01-05', 186, 2, 1, '2021-01-05'),
	(158, '2021-01-05', 187, 2, 1, '2021-01-05'),
	(159, '2021-01-05', 188, 2, 1, '2021-01-05'),
	(160, '2021-01-05', 189, 2, 1, '2021-01-05'),
	(161, '2021-01-05', 190, 2, 1, '2021-01-05'),
	(162, '2021-01-05', 191, 2, 1, '2021-01-05'),
	(163, '2021-01-05', 192, 2, 1, '2021-01-05'),
	(164, '2021-01-05', 193, 2, 1, '2021-01-05'),
	(165, '2021-01-05', 194, 2, 1, '2021-01-05'),
	(166, '2021-01-05', 195, 2, 1, '2021-01-05'),
	(167, '2021-01-05', 196, 2, 1, '2021-01-05'),
	(168, '2021-01-05', 197, 2, 1, '2021-01-05'),
	(169, '2021-01-05', 198, 2, 1, '2021-01-05'),
	(170, '2021-01-05', 199, 2, 1, '2021-01-05'),
	(171, '2021-01-05', 200, 2, 1, '2021-01-05'),
	(172, '2021-01-05', 201, 2, 1, '2021-01-05'),
	(173, '2021-01-05', 202, 2, 1, '2021-01-05'),
	(176, '2021-02-05', 36, 2, 1, '2021-02-05'),
	(177, '2021-02-05', 37, 2, 1, '2021-02-05'),
	(178, '2021-02-05', 38, 2, 1, '2021-02-05'),
	(179, '2021-02-05', 39, 2, 1, '2021-02-05'),
	(180, '2021-02-05', 40, 2, 1, '2021-02-05'),
	(181, '2021-02-05', 41, 2, 1, '2021-02-05'),
	(182, '2021-02-05', 42, 2, 1, '2021-02-05'),
	(183, '2021-02-05', 43, 2, 1, '2021-02-05'),
	(184, '2021-02-05', 44, 2, 1, '2021-02-05'),
	(185, '2021-02-05', 45, 2, 1, '2021-02-05'),
	(186, '2021-02-05', 46, 2, 1, '2021-02-05'),
	(187, '2021-02-05', 47, 2, 1, '2021-02-05'),
	(188, '2021-02-05', 48, 2, 1, '2021-02-05'),
	(189, '2021-02-05', 49, 2, 1, '2021-02-05'),
	(190, '2021-02-05', 50, 2, 1, '2021-02-05'),
	(191, '2021-02-05', 51, 2, 1, '2021-02-05'),
	(192, '2021-02-05', 52, 2, 1, '2021-02-05'),
	(193, '2021-02-05', 53, 2, 1, '2021-02-05'),
	(194, '2021-02-05', 54, 2, 1, '2021-02-05'),
	(195, '2021-02-05', 55, 2, 1, '2021-02-05'),
	(196, '2021-02-05', 56, 2, 1, '2021-02-05'),
	(197, '2021-02-05', 57, 2, 1, '2021-02-05'),
	(198, '2021-02-05', 58, 2, 1, '2021-02-05'),
	(199, '2021-02-05', 59, 2, 1, '2021-02-05'),
	(200, '2021-02-05', 60, 2, 1, '2021-02-05'),
	(201, '2021-02-05', 61, 2, 1, '2021-02-05'),
	(202, '2021-02-05', 62, 2, 1, '2021-02-05'),
	(203, '2021-02-05', 63, 2, 1, '2021-02-05'),
	(204, '2021-02-05', 64, 2, 1, '2021-02-05'),
	(205, '2021-02-05', 65, 2, 1, '2021-02-05'),
	(206, '2021-02-05', 66, 2, 1, '2021-02-05'),
	(207, '2021-02-05', 67, 2, 1, '2021-02-05'),
	(208, '2021-02-05', 68, 2, 1, '2021-02-05'),
	(209, '2021-02-05', 69, 2, 1, '2021-02-05'),
	(210, '2021-02-05', 70, 2, 1, '2021-02-05'),
	(211, '2021-02-05', 71, 2, 1, '2021-02-05'),
	(212, '2021-02-05', 72, 2, 1, '2021-02-05'),
	(213, '2021-02-05', 73, 2, 1, '2021-02-05'),
	(214, '2021-02-05', 74, 2, 1, '2021-02-05'),
	(215, '2021-02-05', 75, 2, 1, '2021-02-05'),
	(216, '2021-02-05', 76, 2, 1, '2021-02-05'),
	(217, '2021-02-05', 77, 2, 1, '2021-02-05'),
	(218, '2021-02-05', 78, 2, 1, '2021-02-05'),
	(219, '2021-02-05', 79, 2, 1, '2021-02-05'),
	(220, '2021-02-05', 80, 2, 1, '2021-02-05'),
	(221, '2021-02-05', 81, 2, 1, '2021-02-05'),
	(222, '2021-02-05', 82, 2, 1, '2021-02-05'),
	(223, '2021-02-05', 83, 2, 1, '2021-02-05'),
	(224, '2021-02-05', 84, 2, 1, '2021-02-05'),
	(225, '2021-02-05', 85, 2, 1, '2021-02-05'),
	(226, '2021-02-05', 86, 2, 1, '2021-02-05'),
	(227, '2021-02-05', 87, 2, 1, '2021-02-05'),
	(228, '2021-02-05', 88, 2, 1, '2021-02-05'),
	(229, '2021-02-05', 89, 2, 1, '2021-02-05'),
	(230, '2021-02-05', 90, 2, 1, '2021-02-05'),
	(231, '2021-02-05', 91, 2, 1, '2021-02-05'),
	(232, '2021-02-05', 92, 2, 1, '2021-02-05'),
	(233, '2021-02-05', 93, 2, 1, '2021-02-05'),
	(234, '2021-02-05', 94, 2, 1, '2021-02-05'),
	(235, '2021-02-05', 95, 2, 1, '2021-02-05'),
	(236, '2021-02-05', 96, 2, 1, '2021-02-05'),
	(237, '2021-02-05', 97, 2, 1, '2021-02-05'),
	(238, '2021-02-05', 98, 2, 1, '2021-02-05'),
	(239, '2021-02-05', 99, 2, 1, '2021-02-05'),
	(240, '2021-02-05', 100, 2, 1, '2021-02-05'),
	(241, '2021-02-05', 101, 2, 1, '2021-02-05'),
	(242, '2021-02-05', 102, 2, 1, '2021-02-05'),
	(243, '2021-02-05', 103, 2, 1, '2021-02-05'),
	(244, '2021-02-05', 104, 2, 1, '2021-02-05'),
	(245, '2021-02-05', 105, 2, 1, '2021-02-05'),
	(246, '2021-02-05', 106, 2, 1, '2021-02-05'),
	(247, '2021-02-05', 107, 2, 1, '2021-02-05'),
	(248, '2021-02-05', 108, 2, 1, '2021-02-05'),
	(249, '2021-02-05', 109, 2, 1, '2021-02-05'),
	(250, '2021-02-05', 110, 2, 1, '2021-02-05'),
	(251, '2021-02-05', 111, 2, 1, '2021-02-05'),
	(252, '2021-02-05', 112, 2, 1, '2021-02-05'),
	(253, '2021-02-05', 113, 2, 1, '2021-02-05'),
	(254, '2021-02-05', 114, 2, 1, '2021-02-05'),
	(255, '2021-02-05', 115, 2, 1, '2021-02-05'),
	(256, '2021-02-05', 116, 2, 1, '2021-02-05'),
	(257, '2021-02-05', 117, 2, 1, '2021-02-05'),
	(258, '2021-02-05', 118, 2, 1, '2021-02-05'),
	(259, '2021-02-05', 119, 2, 1, '2021-02-05'),
	(260, '2021-02-05', 120, 2, 1, '2021-02-05'),
	(261, '2021-02-05', 121, 2, 1, '2021-02-05'),
	(262, '2021-02-05', 122, 2, 1, '2021-02-05'),
	(263, '2021-02-05', 123, 2, 1, '2021-02-05'),
	(264, '2021-02-05', 124, 2, 1, '2021-02-05'),
	(265, '2021-02-05', 125, 2, 1, '2021-02-05'),
	(266, '2021-02-05', 126, 2, 1, '2021-02-05'),
	(267, '2021-02-05', 127, 2, 1, '2021-02-05'),
	(268, '2021-02-05', 128, 2, 1, '2021-02-05'),
	(269, '2021-02-05', 129, 2, 1, '2021-02-05'),
	(270, '2021-02-05', 130, 2, 1, '2021-02-05'),
	(271, '2021-02-05', 131, 2, 1, '2021-02-05'),
	(272, '2021-02-05', 132, 2, 1, '2021-02-05'),
	(273, '2021-02-05', 133, 2, 1, '2021-02-05'),
	(274, '2021-02-05', 134, 2, 1, '2021-02-05'),
	(275, '2021-02-05', 135, 2, 1, '2021-02-05'),
	(276, '2021-02-05', 136, 2, 1, '2021-02-05'),
	(277, '2021-02-05', 137, 2, 1, '2021-02-05'),
	(278, '2021-02-05', 138, 2, 1, '2021-02-05'),
	(279, '2021-02-05', 139, 2, 1, '2021-02-05'),
	(280, '2021-02-05', 140, 2, 1, '2021-02-05'),
	(281, '2021-02-05', 141, 2, 1, '2021-02-05'),
	(282, '2021-02-05', 142, 2, 1, '2021-02-05'),
	(283, '2021-02-05', 143, 2, 1, '2021-02-05'),
	(284, '2021-02-05', 144, 2, 1, '2021-02-05'),
	(285, '2021-02-05', 145, 2, 1, '2021-02-05'),
	(286, '2021-02-05', 146, 2, 1, '2021-02-05'),
	(287, '2021-02-05', 147, 2, 1, '2021-02-05'),
	(288, '2021-02-05', 148, 2, 1, '2021-02-05'),
	(289, '2021-02-05', 149, 2, 1, '2021-02-05'),
	(290, '2021-02-05', 150, 2, 1, '2021-02-05'),
	(291, '2021-02-05', 151, 2, 1, '2021-02-05'),
	(292, '2021-02-05', 152, 2, 1, '2021-02-05'),
	(293, '2021-02-05', 153, 2, 1, '2021-02-05'),
	(294, '2021-02-05', 154, 2, 1, '2021-02-05'),
	(295, '2021-02-05', 155, 2, 1, '2021-02-05'),
	(296, '2021-02-05', 156, 2, 1, '2021-02-05'),
	(297, '2021-02-05', 157, 2, 1, '2021-02-05'),
	(298, '2021-02-05', 158, 2, 1, '2021-02-05'),
	(299, '2021-02-05', 159, 2, 1, '2021-02-05'),
	(300, '2021-02-05', 160, 2, 1, '2021-02-05'),
	(301, '2021-02-05', 161, 2, 1, '2021-02-05'),
	(302, '2021-02-05', 162, 2, 1, '2021-02-05'),
	(303, '2021-02-05', 163, 2, 1, '2021-02-05'),
	(304, '2021-02-05', 164, 2, 1, '2021-02-05'),
	(305, '2021-02-05', 165, 2, 1, '2021-02-05'),
	(306, '2021-02-05', 166, 2, 1, '2021-02-05'),
	(307, '2021-02-05', 167, 2, 1, '2021-02-05'),
	(308, '2021-02-05', 168, 2, 1, '2021-02-05'),
	(309, '2021-02-05', 169, 2, 1, '2021-02-05'),
	(310, '2021-02-05', 170, 2, 1, '2021-02-05'),
	(311, '2021-02-05', 171, 2, 1, '2021-02-05'),
	(312, '2021-02-05', 172, 2, 1, '2021-02-05'),
	(313, '2021-02-05', 173, 2, 1, '2021-02-05'),
	(314, '2021-02-05', 174, 2, 1, '2021-02-05'),
	(315, '2021-02-05', 175, 2, 1, '2021-02-05'),
	(317, '2021-02-05', 177, 2, 1, '2021-02-05'),
	(318, '2021-02-05', 178, 2, 1, '2021-02-05'),
	(319, '2021-02-05', 179, 2, 1, '2021-02-05'),
	(320, '2021-02-05', 180, 2, 1, '2021-02-05'),
	(321, '2021-02-05', 181, 2, 1, '2021-02-05'),
	(322, '2021-02-05', 182, 2, 1, '2021-02-05'),
	(323, '2021-02-05', 183, 2, 1, '2021-02-05'),
	(324, '2021-02-05', 184, 2, 1, '2021-02-05'),
	(325, '2021-02-05', 185, 2, 1, '2021-02-05'),
	(326, '2021-02-05', 186, 2, 1, '2021-02-05'),
	(327, '2021-02-05', 187, 2, 1, '2021-02-05'),
	(328, '2021-02-05', 188, 2, 1, '2021-02-05'),
	(329, '2021-02-05', 189, 2, 1, '2021-02-05'),
	(330, '2021-02-05', 190, 2, 1, '2021-02-05'),
	(331, '2021-02-05', 191, 2, 1, '2021-02-05'),
	(332, '2021-02-05', 192, 2, 1, '2021-02-05'),
	(333, '2021-02-05', 193, 2, 1, '2021-02-05'),
	(334, '2021-02-05', 194, 2, 1, '2021-02-05'),
	(335, '2021-02-05', 195, 2, 1, '2021-02-05'),
	(336, '2021-02-05', 196, 2, 1, '2021-02-05'),
	(337, '2021-02-05', 197, 2, 1, '2021-02-05'),
	(338, '2021-02-05', 198, 2, 1, '2021-02-05'),
	(339, '2021-02-05', 199, 2, 1, '2021-02-05'),
	(340, '2021-02-05', 200, 2, 1, '2021-02-05'),
	(341, '2021-02-05', 201, 2, 1, '2021-02-05'),
	(342, '2021-02-05', 202, 2, 1, '2021-02-05'),
	(345, '2021-03-05', 36, 2, 1, '2021-03-05'),
	(346, '2021-03-05', 37, 2, 1, '2021-03-05'),
	(347, '2021-03-05', 38, 2, 1, '2021-03-05'),
	(348, '2021-03-05', 39, 2, 1, '2021-03-05'),
	(349, '2021-03-05', 40, 2, 1, '2021-03-05'),
	(350, '2021-03-05', 41, 2, 1, '2021-03-05'),
	(351, '2021-03-05', 42, 2, 1, '2021-03-05'),
	(352, '2021-03-05', 43, 2, 1, '2021-03-05'),
	(353, '2021-03-05', 44, 2, 1, '2021-03-05'),
	(354, '2021-03-05', 45, 2, 1, '2021-03-05'),
	(355, '2021-03-05', 46, 2, 1, '2021-03-05'),
	(356, '2021-03-05', 47, 2, 1, '2021-03-05'),
	(357, '2021-03-05', 48, 2, 1, '2021-03-05'),
	(358, '2021-03-05', 49, 2, 1, '2021-03-05'),
	(359, '2021-03-05', 50, 2, 1, '2021-03-05'),
	(360, '2021-03-05', 51, 2, 1, '2021-03-05'),
	(361, '2021-03-05', 52, 2, 1, '2021-03-05'),
	(362, '2021-03-05', 53, 2, 1, '2021-03-05'),
	(363, '2021-03-05', 54, 2, 1, '2021-03-05'),
	(364, '2021-03-05', 55, 2, 1, '2021-03-05'),
	(365, '2021-03-05', 56, 2, 1, '2021-03-05'),
	(366, '2021-03-05', 57, 2, 1, '2021-03-05'),
	(367, '2021-03-05', 58, 2, 1, '2021-03-05'),
	(368, '2021-03-05', 59, 2, 1, '2021-03-05'),
	(369, '2021-03-05', 60, 2, 1, '2021-03-05'),
	(370, '2021-03-05', 61, 2, 1, '2021-03-05'),
	(371, '2021-03-05', 62, 2, 1, '2021-03-05'),
	(372, '2021-03-05', 63, 2, 1, '2021-03-05'),
	(373, '2021-03-05', 64, 2, 1, '2021-03-05'),
	(374, '2021-03-05', 65, 2, 1, '2021-03-05'),
	(375, '2021-03-05', 66, 2, 1, '2021-03-05'),
	(376, '2021-03-05', 67, 2, 1, '2021-03-05'),
	(377, '2021-03-05', 68, 2, 1, '2021-03-05'),
	(378, '2021-03-05', 69, 2, 1, '2021-03-05'),
	(379, '2021-03-05', 70, 2, 1, '2021-03-05'),
	(380, '2021-03-05', 71, 2, 1, '2021-03-05'),
	(381, '2021-03-05', 72, 2, 1, '2021-03-05'),
	(382, '2021-03-05', 73, 2, 1, '2021-03-05'),
	(383, '2021-03-05', 74, 2, 1, '2021-03-05'),
	(384, '2021-03-05', 75, 2, 1, '2021-03-05'),
	(385, '2021-03-05', 76, 2, 1, '2021-03-05'),
	(386, '2021-03-05', 77, 2, 1, '2021-03-05'),
	(387, '2021-03-05', 78, 2, 1, '2021-03-05'),
	(388, '2021-03-05', 79, 2, 1, '2021-03-05'),
	(389, '2021-03-05', 80, 2, 1, '2021-03-05'),
	(390, '2021-03-05', 81, 2, 1, '2021-03-05'),
	(391, '2021-03-05', 82, 2, 1, '2021-03-05'),
	(392, '2021-03-05', 83, 2, 1, '2021-03-05'),
	(393, '2021-03-05', 84, 2, 1, '2021-03-05'),
	(394, '2021-03-05', 85, 2, 1, '2021-03-05'),
	(395, '2021-03-05', 86, 2, 1, '2021-03-05'),
	(396, '2021-03-05', 87, 2, 1, '2021-03-05'),
	(397, '2021-03-05', 88, 2, 1, '2021-03-05'),
	(398, '2021-03-05', 89, 2, 1, '2021-03-05'),
	(399, '2021-03-05', 90, 2, 1, '2021-03-05'),
	(400, '2021-03-05', 91, 2, 1, '2021-03-05'),
	(401, '2021-03-05', 92, 2, 1, '2021-03-05'),
	(402, '2021-03-05', 93, 2, 1, '2021-03-05'),
	(403, '2021-03-05', 94, 2, 1, '2021-03-05'),
	(404, '2021-03-05', 95, 2, 1, '2021-03-05'),
	(405, '2021-03-05', 96, 2, 1, '2021-03-05'),
	(406, '2021-03-05', 97, 2, 1, '2021-03-05'),
	(407, '2021-03-05', 98, 2, 1, '2021-03-05'),
	(408, '2021-03-05', 99, 2, 1, '2021-03-05'),
	(409, '2021-03-05', 100, 2, 1, '2021-03-05'),
	(410, '2021-03-05', 101, 2, 1, '2021-03-05'),
	(411, '2021-03-05', 102, 2, 1, '2021-03-05'),
	(412, '2021-03-05', 103, 2, 1, '2021-03-05'),
	(413, '2021-03-05', 104, 2, 1, '2021-03-05'),
	(414, '2021-03-05', 105, 2, 1, '2021-03-05'),
	(415, '2021-03-05', 106, 2, 1, '2021-03-05'),
	(416, '2021-03-05', 107, 2, 1, '2021-03-05'),
	(417, '2021-03-05', 108, 2, 1, '2021-03-05'),
	(418, '2021-03-05', 109, 2, 1, '2021-03-05'),
	(419, '2021-03-05', 110, 2, 1, '2021-03-05'),
	(420, '2021-03-05', 111, 2, 1, '2021-03-05'),
	(421, '2021-03-05', 112, 2, 1, '2021-03-05'),
	(422, '2021-03-05', 113, 2, 1, '2021-03-05'),
	(423, '2021-03-05', 114, 2, 1, '2021-03-05'),
	(424, '2021-03-05', 115, 2, 1, '2021-03-05'),
	(425, '2021-03-05', 116, 2, 1, '2021-03-05'),
	(426, '2021-03-05', 117, 2, 1, '2021-03-05'),
	(427, '2021-03-05', 118, 2, 1, '2021-03-05'),
	(428, '2021-03-05', 119, 2, 1, '2021-03-05'),
	(429, '2021-03-05', 120, 2, 1, '2021-03-05'),
	(430, '2021-03-05', 121, 2, 1, '2021-03-05'),
	(431, '2021-03-05', 122, 2, 1, '2021-03-05'),
	(432, '2021-03-05', 123, 2, 1, '2021-03-05'),
	(433, '2021-03-05', 124, 2, 1, '2021-03-05'),
	(434, '2021-03-05', 125, 2, 1, '2021-03-05'),
	(435, '2021-03-05', 126, 2, 1, '2021-03-05'),
	(436, '2021-03-05', 127, 2, 1, '2021-03-05'),
	(437, '2021-03-05', 128, 2, 1, '2021-03-05'),
	(438, '2021-03-05', 129, 2, 1, '2021-03-05'),
	(439, '2021-03-05', 130, 2, 1, '2021-03-05'),
	(440, '2021-03-05', 131, 2, 1, '2021-03-05'),
	(441, '2021-03-05', 132, 2, 1, '2021-03-05'),
	(442, '2021-03-05', 133, 2, 1, '2021-03-05'),
	(443, '2021-03-05', 134, 2, 1, '2021-03-05'),
	(444, '2021-03-05', 135, 2, 1, '2021-03-05'),
	(445, '2021-03-05', 136, 2, 1, '2021-03-05'),
	(446, '2021-03-05', 137, 2, 1, '2021-03-05'),
	(447, '2021-03-05', 138, 2, 1, '2021-03-05'),
	(448, '2021-03-05', 139, 2, 1, '2021-03-05'),
	(449, '2021-03-05', 140, 2, 1, '2021-03-05'),
	(450, '2021-03-05', 141, 2, 1, '2021-03-05'),
	(451, '2021-03-05', 142, 2, 1, '2021-03-05'),
	(452, '2021-03-05', 143, 2, 1, '2021-03-05'),
	(453, '2021-03-05', 144, 2, 1, '2021-03-05'),
	(454, '2021-03-05', 145, 2, 1, '2021-03-05'),
	(455, '2021-03-05', 146, 2, 1, '2021-03-05'),
	(456, '2021-03-05', 147, 2, 1, '2021-03-05'),
	(457, '2021-03-05', 148, 2, 1, '2021-03-05'),
	(458, '2021-03-05', 149, 2, 1, '2021-03-05'),
	(459, '2021-03-05', 150, 2, 1, '2021-03-05'),
	(460, '2021-03-05', 151, 2, 1, '2021-03-05'),
	(461, '2021-03-05', 152, 2, 1, '2021-03-05'),
	(462, '2021-03-05', 153, 2, 1, '2021-03-05'),
	(463, '2021-03-05', 154, 2, 1, '2021-03-05'),
	(464, '2021-03-05', 155, 2, 1, '2021-03-05'),
	(465, '2021-03-05', 156, 2, 1, '2021-03-05'),
	(466, '2021-03-05', 157, 2, 1, '2021-03-05'),
	(467, '2021-03-05', 158, 2, 1, '2021-03-05'),
	(468, '2021-03-05', 159, 2, 1, '2021-03-05'),
	(469, '2021-03-05', 160, 2, 1, '2021-03-05'),
	(470, '2021-03-05', 161, 2, 1, '2021-03-05'),
	(471, '2021-03-05', 162, 2, 1, '2021-03-05'),
	(472, '2021-03-05', 163, 2, 1, '2021-03-05'),
	(473, '2021-03-05', 164, 2, 1, '2021-03-05'),
	(474, '2021-03-05', 165, 2, 1, '2021-03-05'),
	(475, '2021-03-05', 166, 2, 1, '2021-03-05'),
	(476, '2021-03-05', 167, 2, 1, '2021-03-05'),
	(477, '2021-03-05', 168, 2, 1, '2021-03-05'),
	(478, '2021-03-05', 169, 2, 1, '2021-03-05'),
	(479, '2021-03-05', 170, 2, 1, '2021-03-05'),
	(480, '2021-03-05', 171, 2, 1, '2021-03-05'),
	(481, '2021-03-05', 172, 2, 1, '2021-03-05'),
	(482, '2021-03-05', 173, 2, 1, '2021-03-05'),
	(483, '2021-03-05', 174, 2, 1, '2021-03-05'),
	(484, '2021-03-05', 175, 2, 1, '2021-03-05'),
	(486, '2021-03-05', 177, 2, 1, '2021-03-05'),
	(487, '2021-03-05', 178, 2, 1, '2021-03-05'),
	(488, '2021-03-05', 179, 2, 1, '2021-03-05'),
	(489, '2021-03-05', 180, 2, 1, '2021-03-05'),
	(490, '2021-03-05', 181, 2, 1, '2021-03-05'),
	(491, '2021-03-05', 182, 2, 1, '2021-03-05'),
	(492, '2021-03-05', 183, 2, 1, '2021-03-05'),
	(493, '2021-03-05', 184, 2, 1, '2021-03-05'),
	(494, '2021-03-05', 185, 2, 1, '2021-03-05'),
	(495, '2021-03-05', 186, 2, 1, '2021-03-05'),
	(496, '2021-03-05', 187, 2, 1, '2021-03-05'),
	(497, '2021-03-05', 188, 2, 1, '2021-03-05'),
	(498, '2021-03-05', 189, 2, 1, '2021-03-05'),
	(499, '2021-03-05', 190, 2, 1, '2021-03-05'),
	(500, '2021-03-05', 191, 2, 1, '2021-03-05'),
	(501, '2021-03-05', 192, 2, 1, '2021-03-05'),
	(502, '2021-03-05', 193, 2, 1, '2021-03-05'),
	(503, '2021-03-05', 194, 2, 1, '2021-03-05'),
	(504, '2021-03-05', 195, 2, 1, '2021-03-05'),
	(505, '2021-03-05', 196, 2, 1, '2021-03-05'),
	(506, '2021-03-05', 197, 2, 1, '2021-03-05'),
	(507, '2021-03-05', 198, 2, 1, '2021-03-05'),
	(508, '2021-03-05', 199, 2, 1, '2021-03-05'),
	(509, '2021-03-05', 200, 2, 1, '2021-03-05'),
	(510, '2021-03-05', 201, 2, 1, '2021-03-05'),
	(511, '2021-03-05', 202, 2, 1, '2021-03-05'),
	(514, '2021-04-05', 36, 2, 1, '2021-04-05'),
	(515, '2021-04-05', 37, 2, 1, '2021-04-05'),
	(516, '2021-04-05', 38, 2, 1, '2021-04-05'),
	(517, '2021-04-05', 39, 2, 1, '2021-04-05'),
	(518, '2021-04-05', 40, 2, 1, '2021-04-05'),
	(519, '2021-04-05', 41, 2, 1, '2021-04-05'),
	(520, '2021-04-05', 42, 2, 1, '2021-04-05'),
	(521, '2021-04-05', 43, 2, 1, '2021-04-05'),
	(522, '2021-04-05', 44, 2, 1, '2021-04-05'),
	(523, '2021-04-05', 45, 2, 1, '2021-04-05'),
	(524, '2021-04-05', 46, 2, 1, '2021-04-05'),
	(525, '2021-04-05', 47, 2, 1, '2021-04-05'),
	(526, '2021-04-05', 48, 2, 1, '2021-04-05'),
	(527, '2021-04-05', 49, 2, 1, '2021-04-05'),
	(528, '2021-04-05', 50, 2, 1, '2021-04-05'),
	(529, '2021-04-05', 51, 2, 1, '2021-04-05'),
	(530, '2021-04-05', 52, 2, 1, '2021-04-05'),
	(531, '2021-04-05', 53, 2, 1, '2021-04-05'),
	(532, '2021-04-05', 54, 2, 1, '2021-04-05'),
	(533, '2021-04-05', 55, 2, 1, '2021-04-05'),
	(534, '2021-04-05', 56, 2, 1, '2021-04-05'),
	(535, '2021-04-05', 57, 2, 1, '2021-04-05'),
	(536, '2021-04-05', 58, 2, 1, '2021-04-05'),
	(537, '2021-04-05', 59, 2, 1, '2021-04-05'),
	(538, '2021-04-05', 60, 2, 1, '2021-04-05'),
	(539, '2021-04-05', 61, 2, 1, '2021-04-05'),
	(540, '2021-04-05', 62, 2, 1, '2021-04-05'),
	(541, '2021-04-05', 63, 2, 1, '2021-04-05'),
	(542, '2021-04-05', 64, 2, 1, '2021-04-05'),
	(543, '2021-04-05', 65, 2, 1, '2021-04-05'),
	(544, '2021-04-05', 66, 2, 1, '2021-04-05'),
	(545, '2021-04-05', 67, 2, 1, '2021-04-05'),
	(546, '2021-04-05', 68, 2, 1, '2021-04-05'),
	(547, '2021-04-05', 69, 2, 1, '2021-04-05'),
	(548, '2021-04-05', 70, 2, 1, '2021-04-05'),
	(549, '2021-04-05', 71, 2, 1, '2021-04-05'),
	(550, '2021-04-05', 72, 2, 1, '2021-04-05'),
	(551, '2021-04-05', 73, 2, 1, '2021-04-05'),
	(552, '2021-04-05', 74, 2, 1, '2021-04-05'),
	(553, '2021-04-05', 75, 2, 1, '2021-04-05'),
	(554, '2021-04-05', 76, 2, 1, '2021-04-05'),
	(555, '2021-04-05', 77, 2, 1, '2021-04-05'),
	(556, '2021-04-05', 78, 2, 1, '2021-04-05'),
	(557, '2021-04-05', 79, 2, 1, '2021-04-05'),
	(558, '2021-04-05', 80, 2, 1, '2021-04-05'),
	(559, '2021-04-05', 81, 2, 1, '2021-04-05'),
	(560, '2021-04-05', 82, 2, 1, '2021-04-05'),
	(561, '2021-04-05', 83, 2, 1, '2021-04-05'),
	(562, '2021-04-05', 84, 2, 1, '2021-04-05'),
	(563, '2021-04-05', 85, 2, 1, '2021-04-05'),
	(564, '2021-04-05', 86, 2, 1, '2021-04-05'),
	(565, '2021-04-05', 87, 2, 1, '2021-04-05'),
	(566, '2021-04-05', 88, 2, 1, '2021-04-05'),
	(567, '2021-04-05', 89, 2, 1, '2021-04-05'),
	(568, '2021-04-05', 90, 2, 1, '2021-04-05'),
	(569, '2021-04-05', 91, 2, 1, '2021-04-05'),
	(570, '2021-04-05', 92, 2, 1, '2021-04-05'),
	(571, '2021-04-05', 93, 2, 1, '2021-04-05'),
	(572, '2021-04-05', 94, 2, 1, '2021-04-05'),
	(573, '2021-04-05', 95, 2, 1, '2021-04-05'),
	(574, '2021-04-05', 96, 2, 1, '2021-04-05'),
	(575, '2021-04-05', 97, 2, 1, '2021-04-05'),
	(576, '2021-04-05', 98, 2, 1, '2021-04-05'),
	(577, '2021-04-05', 99, 2, 1, '2021-04-05'),
	(578, '2021-04-05', 100, 2, 1, '2021-04-05'),
	(579, '2021-04-05', 101, 2, 1, '2021-04-05'),
	(580, '2021-04-05', 102, 2, 1, '2021-04-05'),
	(581, '2021-04-05', 103, 2, 1, '2021-04-05'),
	(582, '2021-04-05', 104, 2, 1, '2021-04-05'),
	(583, '2021-04-05', 105, 2, 1, '2021-04-05'),
	(584, '2021-04-05', 106, 2, 1, '2021-04-05'),
	(585, '2021-04-05', 107, 2, 1, '2021-04-05'),
	(586, '2021-04-05', 108, 2, 1, '2021-04-05'),
	(587, '2021-04-05', 109, 2, 1, '2021-04-05'),
	(588, '2021-04-05', 110, 2, 1, '2021-04-05'),
	(589, '2021-04-05', 111, 2, 1, '2021-04-05'),
	(590, '2021-04-05', 112, 2, 1, '2021-04-05'),
	(591, '2021-04-05', 113, 2, 1, '2021-04-05'),
	(592, '2021-04-05', 114, 2, 1, '2021-04-05'),
	(593, '2021-04-05', 115, 2, 1, '2021-04-05'),
	(594, '2021-04-05', 116, 2, 1, '2021-04-05'),
	(595, '2021-04-05', 117, 2, 1, '2021-04-05'),
	(596, '2021-04-05', 118, 2, 1, '2021-04-05'),
	(597, '2021-04-05', 119, 2, 1, '2021-04-05'),
	(598, '2021-04-05', 120, 2, 1, '2021-04-05'),
	(599, '2021-04-05', 121, 2, 1, '2021-04-05'),
	(600, '2021-04-05', 122, 2, 1, '2021-04-05'),
	(601, '2021-04-05', 123, 2, 1, '2021-04-05'),
	(602, '2021-04-05', 124, 2, 1, '2021-04-05'),
	(603, '2021-04-05', 125, 2, 1, '2021-04-05'),
	(604, '2021-04-05', 126, 2, 1, '2021-04-05'),
	(605, '2021-04-05', 127, 2, 1, '2021-04-05'),
	(606, '2021-04-05', 128, 2, 1, '2021-04-05'),
	(607, '2021-04-05', 129, 2, 1, '2021-04-05'),
	(608, '2021-04-05', 130, 2, 1, '2021-04-05'),
	(609, '2021-04-05', 131, 2, 1, '2021-04-05'),
	(610, '2021-04-05', 132, 2, 1, '2021-04-05'),
	(611, '2021-04-05', 133, 2, 1, '2021-04-05'),
	(612, '2021-04-05', 134, 2, 1, '2021-04-05'),
	(613, '2021-04-05', 135, 2, 1, '2021-04-05'),
	(614, '2021-04-05', 136, 2, 1, '2021-04-05'),
	(615, '2021-04-05', 137, 2, 1, '2021-04-05'),
	(616, '2021-04-05', 138, 2, 1, '2021-04-05'),
	(617, '2021-04-05', 139, 2, 1, '2021-04-05'),
	(618, '2021-04-05', 140, 2, 1, '2021-04-05'),
	(619, '2021-04-05', 141, 2, 1, '2021-04-05'),
	(620, '2021-04-05', 142, 2, 1, '2021-04-05'),
	(621, '2021-04-05', 143, 2, 1, '2021-04-05'),
	(622, '2021-04-05', 144, 2, 1, '2021-04-05'),
	(623, '2021-04-05', 145, 2, 1, '2021-04-05'),
	(624, '2021-04-05', 146, 2, 1, '2021-04-05'),
	(625, '2021-04-05', 147, 2, 1, '2021-04-05'),
	(626, '2021-04-05', 148, 2, 1, '2021-04-05'),
	(627, '2021-04-05', 149, 2, 1, '2021-04-05'),
	(628, '2021-04-05', 150, 2, 1, '2021-04-05'),
	(629, '2021-04-05', 151, 2, 1, '2021-04-05'),
	(630, '2021-04-05', 152, 2, 1, '2021-04-05'),
	(631, '2021-04-05', 153, 2, 1, '2021-04-05'),
	(632, '2021-04-05', 154, 2, 1, '2021-04-05'),
	(633, '2021-04-05', 155, 2, 1, '2021-04-05'),
	(634, '2021-04-05', 156, 2, 1, '2021-04-05'),
	(635, '2021-04-05', 157, 2, 1, '2021-04-05'),
	(636, '2021-04-05', 158, 2, 1, '2021-04-05'),
	(637, '2021-04-05', 159, 2, 1, '2021-04-05'),
	(638, '2021-04-05', 160, 2, 1, '2021-04-05'),
	(639, '2021-04-05', 161, 2, 1, '2021-04-05'),
	(640, '2021-04-05', 162, 2, 1, '2021-04-05'),
	(641, '2021-04-05', 163, 2, 1, '2021-04-05'),
	(642, '2021-04-05', 164, 2, 1, '2021-04-05'),
	(643, '2021-04-05', 165, 2, 1, '2021-04-05'),
	(644, '2021-04-05', 166, 2, 1, '2021-04-05'),
	(645, '2021-04-05', 167, 2, 1, '2021-04-05'),
	(646, '2021-04-05', 168, 2, 1, '2021-04-05'),
	(647, '2021-04-05', 169, 2, 1, '2021-04-05'),
	(648, '2021-04-05', 170, 2, 1, '2021-04-05'),
	(649, '2021-04-05', 171, 2, 1, '2021-04-05'),
	(650, '2021-04-05', 172, 2, 1, '2021-04-05'),
	(651, '2021-04-05', 173, 2, 1, '2021-04-05'),
	(652, '2021-04-05', 174, 2, 1, '2021-04-05'),
	(653, '2021-04-05', 175, 2, 1, '2021-04-05'),
	(655, '2021-04-05', 177, 2, 1, '2021-04-05'),
	(656, '2021-04-05', 178, 2, 1, '2021-04-05'),
	(657, '2021-04-05', 179, 2, 1, '2021-04-05'),
	(658, '2021-04-05', 180, 2, 1, '2021-04-05'),
	(659, '2021-04-05', 181, 2, 1, '2021-04-05'),
	(660, '2021-04-05', 182, 2, 1, '2021-04-05'),
	(661, '2021-04-05', 183, 2, 1, '2021-04-05'),
	(662, '2021-04-05', 184, 2, 1, '2021-04-05'),
	(663, '2021-04-05', 185, 2, 1, '2021-04-05'),
	(664, '2021-04-05', 186, 2, 1, '2021-04-05'),
	(665, '2021-04-05', 187, 2, 1, '2021-04-05'),
	(666, '2021-04-05', 188, 2, 1, '2021-04-05'),
	(667, '2021-04-05', 189, 2, 1, '2021-04-05'),
	(668, '2021-04-05', 190, 2, 1, '2021-04-05'),
	(669, '2021-04-05', 191, 2, 1, '2021-04-05'),
	(670, '2021-04-05', 192, 2, 1, '2021-04-05'),
	(671, '2021-04-05', 193, 2, 1, '2021-04-05'),
	(672, '2021-04-05', 194, 2, 1, '2021-04-05'),
	(673, '2021-04-05', 195, 2, 1, '2021-04-05'),
	(674, '2021-04-05', 196, 2, 1, '2021-04-05'),
	(675, '2021-04-05', 197, 2, 1, '2021-04-05'),
	(676, '2021-04-05', 198, 2, 1, '2021-04-05'),
	(677, '2021-04-05', 199, 2, 1, '2021-04-05'),
	(678, '2021-04-05', 200, 2, 1, '2021-04-05'),
	(679, '2021-04-05', 201, 2, 1, '2021-04-05'),
	(680, '2021-04-05', 202, 2, 1, '2021-04-05'),
	(683, '2021-05-05', 36, 2, 1, '2021-05-05'),
	(684, '2021-05-05', 37, 2, 1, '2021-05-05'),
	(685, '2021-05-05', 38, 2, 1, '2021-05-05'),
	(686, '2021-05-05', 39, 2, 1, '2021-05-05'),
	(687, '2021-05-05', 40, 2, 1, '2021-05-05'),
	(688, '2021-05-05', 41, 2, 1, '2021-05-05'),
	(689, '2021-05-05', 42, 2, 1, '2021-05-05'),
	(690, '2021-05-05', 43, 2, 1, '2021-05-05'),
	(691, '2021-05-05', 44, 2, 1, '2021-05-05'),
	(692, '2021-05-05', 45, 2, 1, '2021-05-05'),
	(693, '2021-05-05', 46, 2, 1, '2021-05-05'),
	(694, '2021-05-05', 47, 2, 1, '2021-05-05'),
	(695, '2021-05-05', 48, 2, 1, '2021-05-05'),
	(696, '2021-05-05', 49, 2, 1, '2021-05-05'),
	(697, '2021-05-05', 50, 2, 1, '2021-05-05'),
	(698, '2021-05-05', 51, 2, 1, '2021-05-05'),
	(699, '2021-05-05', 52, 2, 1, '2021-05-05'),
	(700, '2021-05-05', 53, 2, 1, '2021-05-05'),
	(701, '2021-05-05', 54, 2, 1, '2021-05-05'),
	(702, '2021-05-05', 55, 2, 1, '2021-05-05'),
	(703, '2021-05-05', 56, 2, 1, '2021-05-05'),
	(704, '2021-05-05', 57, 2, 1, '2021-05-05'),
	(705, '2021-05-05', 58, 2, 1, '2021-05-05'),
	(706, '2021-05-05', 59, 2, 1, '2021-05-05'),
	(707, '2021-05-05', 60, 2, 1, '2021-05-05'),
	(708, '2021-05-05', 61, 2, 1, '2021-05-05'),
	(709, '2021-05-05', 62, 2, 1, '2021-05-05'),
	(710, '2021-05-05', 63, 2, 1, '2021-05-05'),
	(711, '2021-05-05', 64, 2, 1, '2021-05-05'),
	(712, '2021-05-05', 65, 2, 1, '2021-05-05'),
	(713, '2021-05-05', 66, 2, 1, '2021-05-05'),
	(714, '2021-05-05', 67, 2, 1, '2021-05-05'),
	(715, '2021-05-05', 68, 2, 1, '2021-05-05'),
	(716, '2021-05-05', 69, 2, 1, '2021-05-05'),
	(717, '2021-05-05', 70, 2, 1, '2021-05-05'),
	(718, '2021-05-05', 71, 2, 1, '2021-05-05'),
	(719, '2021-05-05', 72, 2, 1, '2021-05-05'),
	(720, '2021-05-05', 73, 2, 1, '2021-05-05'),
	(721, '2021-05-05', 74, 2, 1, '2021-05-05'),
	(722, '2021-05-05', 75, 2, 1, '2021-05-05'),
	(723, '2021-05-05', 76, 2, 1, '2021-05-05'),
	(724, '2021-05-05', 77, 2, 1, '2021-05-05'),
	(725, '2021-05-05', 78, 2, 1, '2021-05-05'),
	(726, '2021-05-05', 79, 2, 1, '2021-05-05'),
	(727, '2021-05-05', 80, 2, 1, '2021-05-05'),
	(728, '2021-05-05', 81, 2, 1, '2021-05-05'),
	(729, '2021-05-05', 82, 2, 1, '2021-05-05'),
	(730, '2021-05-05', 83, 2, 1, '2021-05-05'),
	(731, '2021-05-05', 84, 2, 1, '2021-05-05'),
	(732, '2021-05-05', 85, 2, 1, '2021-05-05'),
	(733, '2021-05-05', 86, 2, 1, '2021-05-05'),
	(734, '2021-05-05', 87, 2, 1, '2021-05-05'),
	(735, '2021-05-05', 88, 2, 1, '2021-05-05'),
	(736, '2021-05-05', 89, 2, 1, '2021-05-05'),
	(737, '2021-05-05', 90, 2, 1, '2021-05-05'),
	(738, '2021-05-05', 91, 2, 1, '2021-05-05'),
	(739, '2021-05-05', 92, 2, 1, '2021-05-05'),
	(740, '2021-05-05', 93, 2, 1, '2021-05-05'),
	(741, '2021-05-05', 94, 2, 1, '2021-05-05'),
	(742, '2021-05-05', 95, 2, 1, '2021-05-05'),
	(743, '2021-05-05', 96, 2, 1, '2021-05-05'),
	(744, '2021-05-05', 97, 2, 1, '2021-05-05'),
	(745, '2021-05-05', 98, 2, 1, '2021-05-05'),
	(746, '2021-05-05', 99, 2, 1, '2021-05-05'),
	(747, '2021-05-05', 100, 2, 1, '2021-05-05'),
	(748, '2021-05-05', 101, 2, 1, '2021-05-05'),
	(749, '2021-05-05', 102, 2, 1, '2021-05-05'),
	(750, '2021-05-05', 103, 2, 1, '2021-05-05'),
	(751, '2021-05-05', 104, 2, 1, '2021-05-05'),
	(752, '2021-05-05', 105, 2, 1, '2021-05-05'),
	(753, '2021-05-05', 106, 2, 1, '2021-05-05'),
	(754, '2021-05-05', 107, 2, 1, '2021-05-05'),
	(755, '2021-05-05', 108, 2, 1, '2021-05-05'),
	(756, '2021-05-05', 109, 2, 1, '2021-05-05'),
	(757, '2021-05-05', 110, 2, 1, '2021-05-05'),
	(758, '2021-05-05', 111, 2, 1, '2021-05-05'),
	(759, '2021-05-05', 112, 2, 1, '2021-05-05'),
	(760, '2021-05-05', 113, 2, 1, '2021-05-05'),
	(761, '2021-05-05', 114, 2, 1, '2021-05-05'),
	(762, '2021-05-05', 115, 2, 1, '2021-05-05'),
	(763, '2021-05-05', 116, 2, 1, '2021-05-05'),
	(764, '2021-05-05', 117, 2, 1, '2021-05-05'),
	(765, '2021-05-05', 118, 2, 1, '2021-05-05'),
	(766, '2021-05-05', 119, 2, 1, '2021-05-05'),
	(767, '2021-05-05', 120, 2, 1, '2021-05-05'),
	(768, '2021-05-05', 121, 2, 1, '2021-05-05'),
	(769, '2021-05-05', 122, 2, 1, '2021-05-05'),
	(770, '2021-05-05', 123, 2, 1, '2021-05-05'),
	(771, '2021-05-05', 124, 2, 1, '2021-05-05'),
	(772, '2021-05-05', 125, 2, 1, '2021-05-05'),
	(773, '2021-05-05', 126, 2, 1, '2021-05-05'),
	(774, '2021-05-05', 127, 2, 1, '2021-05-05'),
	(775, '2021-05-05', 128, 2, 1, '2021-05-05'),
	(776, '2021-05-05', 129, 2, 1, '2021-05-05'),
	(777, '2021-05-05', 130, 2, 1, '2021-05-05'),
	(778, '2021-05-05', 131, 2, 1, '2021-05-05'),
	(779, '2021-05-05', 132, 2, 1, '2021-05-05'),
	(780, '2021-05-05', 133, 2, 1, '2021-05-05'),
	(781, '2021-05-05', 134, 2, 1, '2021-05-05'),
	(782, '2021-05-05', 135, 2, 1, '2021-05-05'),
	(783, '2021-05-05', 136, 2, 1, '2021-05-05'),
	(784, '2021-05-05', 137, 2, 1, '2021-05-05'),
	(785, '2021-05-05', 138, 2, 1, '2021-05-05'),
	(786, '2021-05-05', 139, 2, 1, '2021-05-05'),
	(787, '2021-05-05', 140, 2, 1, '2021-05-05'),
	(788, '2021-05-05', 141, 2, 1, '2021-05-05'),
	(789, '2021-05-05', 142, 2, 1, '2021-05-05'),
	(790, '2021-05-05', 143, 2, 1, '2021-05-05'),
	(791, '2021-05-05', 144, 2, 1, '2021-05-05'),
	(792, '2021-05-05', 145, 2, 1, '2021-05-05'),
	(793, '2021-05-05', 146, 2, 1, '2021-05-05'),
	(794, '2021-05-05', 147, 2, 1, '2021-05-05'),
	(795, '2021-05-05', 148, 2, 1, '2021-05-05'),
	(796, '2021-05-05', 149, 2, 1, '2021-05-05'),
	(797, '2021-05-05', 150, 2, 1, '2021-05-05'),
	(798, '2021-05-05', 151, 2, 1, '2021-05-05'),
	(799, '2021-05-05', 152, 2, 1, '2021-05-05'),
	(800, '2021-05-05', 153, 2, 1, '2021-05-05'),
	(801, '2021-05-05', 154, 2, 1, '2021-05-05'),
	(802, '2021-05-05', 155, 2, 1, '2021-05-05'),
	(803, '2021-05-05', 156, 2, 1, '2021-05-05'),
	(804, '2021-05-05', 157, 2, 1, '2021-05-05'),
	(805, '2021-05-05', 158, 2, 1, '2021-05-05'),
	(806, '2021-05-05', 159, 2, 1, '2021-05-05'),
	(807, '2021-05-05', 160, 2, 1, '2021-05-05'),
	(808, '2021-05-05', 161, 2, 1, '2021-05-05'),
	(809, '2021-05-05', 162, 2, 1, '2021-05-05'),
	(810, '2021-05-05', 163, 2, 1, '2021-05-05'),
	(811, '2021-05-05', 164, 2, 1, '2021-05-05'),
	(812, '2021-05-05', 165, 2, 1, '2021-05-05'),
	(813, '2021-05-05', 166, 2, 1, '2021-05-05'),
	(814, '2021-05-05', 167, 2, 1, '2021-05-05'),
	(815, '2021-05-05', 168, 2, 1, '2021-05-05'),
	(816, '2021-05-05', 169, 2, 1, '2021-05-05'),
	(817, '2021-05-05', 170, 2, 1, '2021-05-05'),
	(818, '2021-05-05', 171, 2, 1, '2021-05-05'),
	(819, '2021-05-05', 172, 2, 1, '2021-05-05'),
	(820, '2021-05-05', 173, 2, 1, '2021-05-05'),
	(821, '2021-05-05', 174, 2, 1, '2021-05-05'),
	(822, '2021-05-05', 175, 2, 1, '2021-05-05'),
	(824, '2021-05-05', 177, 2, 1, '2021-05-05'),
	(825, '2021-05-05', 178, 2, 1, '2021-05-05'),
	(826, '2021-05-05', 179, 2, 1, '2021-05-05'),
	(827, '2021-05-05', 180, 2, 1, '2021-05-05'),
	(828, '2021-05-05', 181, 2, 1, '2021-05-05'),
	(829, '2021-05-05', 182, 2, 1, '2021-05-05'),
	(830, '2021-05-05', 183, 2, 1, '2021-05-05'),
	(831, '2021-05-05', 184, 2, 1, '2021-05-05'),
	(832, '2021-05-05', 185, 2, 1, '2021-05-05'),
	(833, '2021-05-05', 186, 2, 1, '2021-05-05'),
	(834, '2021-05-05', 187, 2, 1, '2021-05-05'),
	(835, '2021-05-05', 188, 2, 1, '2021-05-05'),
	(836, '2021-05-05', 189, 2, 1, '2021-05-05'),
	(837, '2021-05-05', 190, 2, 1, '2021-05-05'),
	(838, '2021-05-05', 191, 2, 1, '2021-05-05'),
	(839, '2021-05-05', 192, 2, 1, '2021-05-05'),
	(840, '2021-05-05', 193, 2, 1, '2021-05-05'),
	(841, '2021-05-05', 194, 2, 1, '2021-05-05'),
	(842, '2021-05-05', 195, 2, 1, '2021-05-05'),
	(843, '2021-05-05', 196, 2, 1, '2021-05-05'),
	(844, '2021-05-05', 197, 2, 1, '2021-05-05'),
	(845, '2021-05-05', 198, 2, 1, '2021-05-05'),
	(846, '2021-05-05', 199, 2, 1, '2021-05-05'),
	(847, '2021-05-05', 200, 2, 1, '2021-05-05'),
	(848, '2021-05-05', 201, 2, 1, '2021-05-05'),
	(849, '2021-05-05', 202, 2, 1, '2021-05-05'),
	(852, '2021-06-05', 36, 2, 1, '2021-06-05'),
	(853, '2021-06-05', 37, 2, 1, '2021-06-05'),
	(854, '2021-06-05', 38, 2, 1, '2021-06-05'),
	(855, '2021-06-05', 39, 2, 1, '2021-06-05'),
	(856, '2021-06-05', 40, 2, 1, '2021-06-05'),
	(857, '2021-06-05', 41, 2, 1, '2021-06-05'),
	(858, '2021-06-05', 42, 2, 1, '2021-06-05'),
	(859, '2021-06-05', 43, 2, 1, '2021-06-05'),
	(860, '2021-06-05', 44, 2, 1, '2021-06-05'),
	(861, '2021-06-05', 45, 2, 1, '2021-06-05'),
	(862, '2021-06-05', 46, 2, 1, '2021-06-05'),
	(863, '2021-06-05', 47, 2, 1, '2021-06-05'),
	(864, '2021-06-05', 48, 2, 1, '2021-06-05'),
	(865, '2021-06-05', 49, 2, 1, '2021-06-05'),
	(866, '2021-06-05', 50, 2, 1, '2021-06-05'),
	(867, '2021-06-05', 51, 2, 1, '2021-06-05'),
	(868, '2021-06-05', 52, 2, 1, '2021-06-05'),
	(869, '2021-06-05', 53, 2, 1, '2021-06-05'),
	(870, '2021-06-05', 54, 2, 1, '2021-06-05'),
	(871, '2021-06-05', 55, 2, 1, '2021-06-05'),
	(872, '2021-06-05', 56, 2, 1, '2021-06-05'),
	(873, '2021-06-05', 57, 2, 1, '2021-06-05'),
	(874, '2021-06-05', 58, 2, 1, '2021-06-05'),
	(875, '2021-06-05', 59, 2, 1, '2021-06-05'),
	(876, '2021-06-05', 60, 2, 1, '2021-06-05'),
	(877, '2021-06-05', 61, 2, 1, '2021-06-05'),
	(878, '2021-06-05', 62, 2, 1, '2021-06-05'),
	(879, '2021-06-05', 63, 2, 1, '2021-06-05'),
	(880, '2021-06-05', 64, 2, 1, '2021-06-05'),
	(881, '2021-06-05', 65, 2, 1, '2021-06-05'),
	(882, '2021-06-05', 66, 2, 1, '2021-06-05'),
	(883, '2021-06-05', 67, 2, 1, '2021-06-05'),
	(884, '2021-06-05', 68, 2, 1, '2021-06-05'),
	(885, '2021-06-05', 69, 2, 1, '2021-06-05'),
	(886, '2021-06-05', 70, 2, 1, '2021-06-05'),
	(887, '2021-06-05', 71, 2, 1, '2021-06-05'),
	(888, '2021-06-05', 72, 2, 1, '2021-06-05'),
	(889, '2021-06-05', 73, 2, 1, '2021-06-05'),
	(890, '2021-06-05', 74, 2, 1, '2021-06-05'),
	(891, '2021-06-05', 75, 2, 1, '2021-06-05'),
	(892, '2021-06-05', 76, 2, 1, '2021-06-05'),
	(893, '2021-06-05', 77, 2, 1, '2021-06-05'),
	(894, '2021-06-05', 78, 2, 1, '2021-06-05'),
	(895, '2021-06-05', 79, 2, 1, '2021-06-05'),
	(896, '2021-06-05', 80, 2, 1, '2021-06-05'),
	(897, '2021-06-05', 81, 2, 1, '2021-06-05'),
	(898, '2021-06-05', 82, 2, 1, '2021-06-05'),
	(899, '2021-06-05', 83, 2, 1, '2021-06-05'),
	(900, '2021-06-05', 84, 2, 1, '2021-06-05'),
	(901, '2021-06-05', 85, 2, 1, '2021-06-05'),
	(902, '2021-06-05', 86, 2, 1, '2021-06-05'),
	(903, '2021-06-05', 87, 2, 1, '2021-06-05'),
	(904, '2021-06-05', 88, 2, 1, '2021-06-05'),
	(905, '2021-06-05', 89, 2, 1, '2021-06-05'),
	(906, '2021-06-05', 90, 2, 1, '2021-06-05'),
	(907, '2021-06-05', 91, 2, 1, '2021-06-05'),
	(908, '2021-06-05', 92, 2, 1, '2021-06-05'),
	(909, '2021-06-05', 93, 2, 1, '2021-06-05'),
	(910, '2021-06-05', 94, 2, 1, '2021-06-05'),
	(911, '2021-06-05', 95, 2, 1, '2021-06-05'),
	(912, '2021-06-05', 96, 2, 1, '2021-06-05'),
	(913, '2021-06-05', 97, 2, 1, '2021-06-05'),
	(914, '2021-06-05', 98, 2, 1, '2021-06-05'),
	(915, '2021-06-05', 99, 2, 1, '2021-06-05'),
	(916, '2021-06-05', 100, 2, 1, '2021-06-05'),
	(917, '2021-06-05', 101, 2, 1, '2021-06-05'),
	(918, '2021-06-05', 102, 2, 1, '2021-06-05'),
	(919, '2021-06-05', 103, 2, 1, '2021-06-05'),
	(920, '2021-06-05', 104, 2, 1, '2021-06-05'),
	(921, '2021-06-05', 105, 2, 1, '2021-06-05'),
	(922, '2021-06-05', 106, 2, 1, '2021-06-05'),
	(923, '2021-06-05', 107, 2, 1, '2021-06-05'),
	(924, '2021-06-05', 108, 2, 1, '2021-06-05'),
	(925, '2021-06-05', 109, 2, 1, '2021-06-05'),
	(926, '2021-06-05', 110, 2, 1, '2021-06-05'),
	(927, '2021-06-05', 111, 2, 1, '2021-06-05'),
	(928, '2021-06-05', 112, 2, 1, '2021-06-05'),
	(929, '2021-06-05', 113, 2, 1, '2021-06-05'),
	(930, '2021-06-05', 114, 2, 1, '2021-06-05'),
	(931, '2021-06-05', 115, 2, 1, '2021-06-05'),
	(932, '2021-06-05', 116, 2, 1, '2021-06-05'),
	(933, '2021-06-05', 117, 2, 1, '2021-06-05'),
	(934, '2021-06-05', 118, 2, 1, '2021-06-05'),
	(935, '2021-06-05', 119, 2, 1, '2021-06-05'),
	(936, '2021-06-05', 120, 2, 1, '2021-06-05'),
	(937, '2021-06-05', 121, 2, 1, '2021-06-05'),
	(938, '2021-06-05', 122, 2, 1, '2021-06-05'),
	(939, '2021-06-05', 123, 2, 1, '2021-06-05'),
	(940, '2021-06-05', 124, 2, 1, '2021-06-05'),
	(941, '2021-06-05', 125, 2, 1, '2021-06-05'),
	(942, '2021-06-05', 126, 2, 1, '2021-06-05'),
	(943, '2021-06-05', 127, 2, 1, '2021-06-05'),
	(944, '2021-06-05', 128, 2, 1, '2021-06-05'),
	(945, '2021-06-05', 129, 2, 1, '2021-06-05'),
	(946, '2021-06-05', 130, 2, 1, '2021-06-05'),
	(947, '2021-06-05', 131, 2, 1, '2021-06-05'),
	(948, '2021-06-05', 132, 2, 1, '2021-06-05'),
	(949, '2021-06-05', 133, 2, 1, '2021-06-05'),
	(950, '2021-06-05', 134, 2, 1, '2021-06-05'),
	(951, '2021-06-05', 135, 2, 1, '2021-06-05'),
	(952, '2021-06-05', 136, 2, 1, '2021-06-05'),
	(953, '2021-06-05', 137, 2, 1, '2021-06-05'),
	(954, '2021-06-05', 138, 2, 1, '2021-06-05'),
	(955, '2021-06-05', 139, 2, 1, '2021-06-05'),
	(956, '2021-06-05', 140, 2, 1, '2021-06-05'),
	(957, '2021-06-05', 141, 2, 1, '2021-06-05'),
	(958, '2021-06-05', 142, 2, 1, '2021-06-05'),
	(959, '2021-06-05', 143, 2, 1, '2021-06-05'),
	(960, '2021-06-05', 144, 2, 1, '2021-06-05'),
	(961, '2021-06-05', 145, 2, 1, '2021-06-05'),
	(962, '2021-06-05', 146, 2, 1, '2021-06-05'),
	(963, '2021-06-05', 147, 2, 1, '2021-06-05'),
	(964, '2021-06-05', 148, 2, 1, '2021-06-05'),
	(965, '2021-06-05', 149, 2, 1, '2021-06-05'),
	(966, '2021-06-05', 150, 2, 1, '2021-06-05'),
	(967, '2021-06-05', 151, 2, 1, '2021-06-05'),
	(968, '2021-06-05', 152, 2, 1, '2021-06-05'),
	(969, '2021-06-05', 153, 2, 1, '2021-06-05'),
	(970, '2021-06-05', 154, 2, 1, '2021-06-05'),
	(971, '2021-06-05', 155, 2, 1, '2021-06-05'),
	(972, '2021-06-05', 156, 2, 1, '2021-06-05'),
	(973, '2021-06-05', 157, 2, 1, '2021-06-05'),
	(974, '2021-06-05', 158, 2, 1, '2021-06-05'),
	(975, '2021-06-05', 159, 2, 1, '2021-06-05'),
	(976, '2021-06-05', 160, 2, 1, '2021-06-05'),
	(977, '2021-06-05', 161, 2, 1, '2021-06-05'),
	(978, '2021-06-05', 162, 2, 1, '2021-06-05'),
	(979, '2021-06-05', 163, 2, 1, '2021-06-05'),
	(980, '2021-06-05', 164, 2, 1, '2021-06-05'),
	(981, '2021-06-05', 165, 2, 1, '2021-06-05'),
	(982, '2021-06-05', 166, 2, 1, '2021-06-05'),
	(983, '2021-06-05', 167, 2, 1, '2021-06-05'),
	(984, '2021-06-05', 168, 2, 1, '2021-06-05'),
	(985, '2021-06-05', 169, 2, 1, '2021-06-05'),
	(986, '2021-06-05', 170, 2, 1, '2021-06-05'),
	(987, '2021-06-05', 171, 2, 1, '2021-06-05'),
	(988, '2021-06-05', 172, 2, 1, '2021-06-05'),
	(989, '2021-06-05', 173, 2, 1, '2021-06-05'),
	(990, '2021-06-05', 174, 2, 1, '2021-06-05'),
	(991, '2021-06-05', 175, 2, 1, '2021-06-05'),
	(993, '2021-06-05', 177, 2, 1, '2021-06-05'),
	(994, '2021-06-05', 178, 2, 1, '2021-06-05'),
	(995, '2021-06-05', 179, 2, 1, '2021-06-05'),
	(996, '2021-06-05', 180, 2, 1, '2021-06-05'),
	(997, '2021-06-05', 181, 2, 1, '2021-06-05'),
	(998, '2021-06-05', 182, 2, 1, '2021-06-05'),
	(999, '2021-06-05', 183, 2, 1, '2021-06-05'),
	(1000, '2021-06-05', 184, 2, 1, '2021-06-05'),
	(1001, '2021-06-05', 185, 2, 1, '2021-06-05'),
	(1002, '2021-06-05', 186, 2, 1, '2021-06-05'),
	(1003, '2021-06-05', 187, 2, 1, '2021-06-05'),
	(1004, '2021-06-05', 188, 2, 1, '2021-06-05'),
	(1005, '2021-06-05', 189, 2, 1, '2021-06-05'),
	(1006, '2021-06-05', 190, 2, 1, '2021-06-05'),
	(1007, '2021-06-05', 191, 2, 1, '2021-06-05'),
	(1008, '2021-06-05', 192, 2, 1, '2021-06-05'),
	(1009, '2021-06-05', 193, 2, 1, '2021-06-05'),
	(1010, '2021-06-05', 194, 2, 1, '2021-06-05'),
	(1011, '2021-06-05', 195, 2, 1, '2021-06-05'),
	(1012, '2021-06-05', 196, 2, 1, '2021-06-05'),
	(1013, '2021-06-05', 197, 2, 1, '2021-06-05'),
	(1014, '2021-06-05', 198, 2, 1, '2021-06-05'),
	(1015, '2021-06-05', 199, 2, 1, '2021-06-05'),
	(1016, '2021-06-05', 200, 2, 1, '2021-06-05'),
	(1017, '2021-06-05', 201, 2, 1, '2021-06-05'),
	(1018, '2021-06-05', 202, 2, 1, '2021-06-05'),
	(1021, '2021-07-05', 36, 2, 1, '2021-07-05'),
	(1022, '2021-07-05', 37, 2, 1, '2021-07-05'),
	(1023, '2021-07-05', 38, 2, 1, '2021-07-05'),
	(1024, '2021-07-05', 39, 2, 1, '2021-07-05'),
	(1025, '2021-07-05', 40, 2, 1, '2021-07-05'),
	(1026, '2021-07-05', 41, 2, 1, '2021-07-05'),
	(1027, '2021-07-05', 42, 2, 1, '2021-07-05'),
	(1028, '2021-07-05', 43, 2, 1, '2021-07-05'),
	(1029, '2021-07-05', 44, 2, 1, '2021-07-05'),
	(1030, '2021-07-05', 45, 2, 1, '2021-07-05'),
	(1031, '2021-07-05', 46, 2, 1, '2021-07-05'),
	(1032, '2021-07-05', 47, 2, 1, '2021-07-05'),
	(1033, '2021-07-05', 48, 2, 1, '2021-07-05'),
	(1034, '2021-07-05', 49, 2, 1, '2021-07-05'),
	(1035, '2021-07-05', 50, 2, 1, '2021-07-05'),
	(1036, '2021-07-05', 51, 2, 1, '2021-07-05'),
	(1037, '2021-07-05', 52, 2, 1, '2021-07-05'),
	(1038, '2021-07-05', 53, 2, 1, '2021-07-05'),
	(1039, '2021-07-05', 54, 2, 1, '2021-07-05'),
	(1040, '2021-07-05', 55, 2, 1, '2021-07-05'),
	(1041, '2021-07-05', 56, 2, 1, '2021-07-05'),
	(1042, '2021-07-05', 57, 2, 1, '2021-07-05'),
	(1043, '2021-07-05', 58, 2, 1, '2021-07-05'),
	(1044, '2021-07-05', 59, 2, 1, '2021-07-05'),
	(1045, '2021-07-05', 60, 2, 1, '2021-07-05'),
	(1046, '2021-07-05', 61, 2, 1, '2021-07-05'),
	(1047, '2021-07-05', 62, 2, 1, '2021-07-05'),
	(1048, '2021-07-05', 63, 2, 1, '2021-07-05'),
	(1049, '2021-07-05', 64, 2, 1, '2021-07-05'),
	(1050, '2021-07-05', 65, 2, 1, '2021-07-05'),
	(1051, '2021-07-05', 66, 2, 1, '2021-07-05'),
	(1052, '2021-07-05', 67, 2, 1, '2021-07-05'),
	(1053, '2021-07-05', 68, 2, 1, '2021-07-05'),
	(1054, '2021-07-05', 69, 2, 1, '2021-07-05'),
	(1055, '2021-07-05', 70, 2, 1, '2021-07-05'),
	(1056, '2021-07-05', 71, 2, 1, '2021-07-05'),
	(1057, '2021-07-05', 72, 2, 1, '2021-07-05'),
	(1058, '2021-07-05', 73, 2, 1, '2021-07-05'),
	(1059, '2021-07-05', 74, 2, 1, '2021-07-05'),
	(1060, '2021-07-05', 75, 2, 1, '2021-07-05'),
	(1061, '2021-07-05', 76, 2, 1, '2021-07-05'),
	(1062, '2021-07-05', 77, 2, 1, '2021-07-05'),
	(1063, '2021-07-05', 78, 2, 1, '2021-07-05'),
	(1064, '2021-07-05', 79, 2, 1, '2021-07-05'),
	(1065, '2021-07-05', 80, 2, 1, '2021-07-05'),
	(1066, '2021-07-05', 81, 2, 1, '2021-07-05'),
	(1067, '2021-07-05', 82, 2, 1, '2021-07-05'),
	(1068, '2021-07-05', 83, 2, 1, '2021-07-05'),
	(1069, '2021-07-05', 84, 2, 1, '2021-07-05'),
	(1070, '2021-07-05', 85, 2, 1, '2021-07-05'),
	(1071, '2021-07-05', 86, 2, 1, '2021-07-05'),
	(1072, '2021-07-05', 87, 2, 1, '2021-07-05'),
	(1073, '2021-07-05', 88, 2, 1, '2021-07-05'),
	(1074, '2021-07-05', 89, 2, 1, '2021-07-05'),
	(1075, '2021-07-05', 90, 2, 1, '2021-07-05'),
	(1076, '2021-07-05', 91, 2, 1, '2021-07-05'),
	(1077, '2021-07-05', 92, 2, 1, '2021-07-05'),
	(1078, '2021-07-05', 93, 2, 1, '2021-07-05'),
	(1079, '2021-07-05', 94, 2, 1, '2021-07-05'),
	(1080, '2021-07-05', 95, 2, 1, '2021-07-05'),
	(1081, '2021-07-05', 96, 2, 1, '2021-07-05'),
	(1082, '2021-07-05', 97, 2, 1, '2021-07-05'),
	(1083, '2021-07-05', 98, 2, 1, '2021-07-05'),
	(1084, '2021-07-05', 99, 2, 1, '2021-07-05'),
	(1085, '2021-07-05', 100, 2, 1, '2021-07-05'),
	(1086, '2021-07-05', 101, 2, 1, '2021-07-05'),
	(1087, '2021-07-05', 102, 2, 1, '2021-07-05'),
	(1088, '2021-07-05', 103, 2, 1, '2021-07-05'),
	(1089, '2021-07-05', 104, 2, 1, '2021-07-05'),
	(1090, '2021-07-05', 105, 2, 1, '2021-07-05'),
	(1091, '2021-07-05', 106, 2, 1, '2021-07-05'),
	(1092, '2021-07-05', 107, 2, 1, '2021-07-05'),
	(1093, '2021-07-05', 108, 2, 1, '2021-07-05'),
	(1094, '2021-07-05', 109, 2, 1, '2021-07-05'),
	(1095, '2021-07-05', 110, 2, 1, '2021-07-05'),
	(1096, '2021-07-05', 111, 2, 1, '2021-07-05'),
	(1097, '2021-07-05', 112, 2, 1, '2021-07-05'),
	(1098, '2021-07-05', 113, 2, 1, '2021-07-05'),
	(1099, '2021-07-05', 114, 2, 1, '2021-07-05'),
	(1100, '2021-07-05', 115, 2, 1, '2021-07-05'),
	(1101, '2021-07-05', 116, 2, 1, '2021-07-05'),
	(1102, '2021-07-05', 117, 2, 1, '2021-07-05'),
	(1103, '2021-07-05', 118, 2, 1, '2021-07-05'),
	(1104, '2021-07-05', 119, 2, 1, '2021-07-05'),
	(1105, '2021-07-05', 120, 2, 1, '2021-07-05'),
	(1106, '2021-07-05', 121, 2, 1, '2021-07-05'),
	(1107, '2021-07-05', 122, 2, 1, '2021-07-05'),
	(1108, '2021-07-05', 123, 2, 1, '2021-07-05'),
	(1109, '2021-07-05', 124, 2, 1, '2021-07-05'),
	(1110, '2021-07-05', 125, 2, 1, '2021-07-05'),
	(1111, '2021-07-05', 126, 2, 1, '2021-07-05'),
	(1112, '2021-07-05', 127, 2, 1, '2021-07-05'),
	(1113, '2021-07-05', 128, 2, 1, '2021-07-05'),
	(1114, '2021-07-05', 129, 2, 1, '2021-07-05'),
	(1115, '2021-07-05', 130, 2, 1, '2021-07-05'),
	(1116, '2021-07-05', 131, 2, 1, '2021-07-05'),
	(1117, '2021-07-05', 132, 2, 1, '2021-07-05'),
	(1118, '2021-07-05', 133, 2, 1, '2021-07-05'),
	(1119, '2021-07-05', 134, 2, 1, '2021-07-05'),
	(1120, '2021-07-05', 135, 2, 1, '2021-07-05'),
	(1121, '2021-07-05', 136, 2, 1, '2021-07-05'),
	(1122, '2021-07-05', 137, 2, 1, '2021-07-05'),
	(1123, '2021-07-05', 138, 2, 1, '2021-07-05'),
	(1124, '2021-07-05', 139, 2, 1, '2021-07-05'),
	(1125, '2021-07-05', 140, 2, 1, '2021-07-05'),
	(1126, '2021-07-05', 141, 2, 1, '2021-07-05'),
	(1127, '2021-07-05', 142, 2, 1, '2021-07-05'),
	(1128, '2021-07-05', 143, 2, 1, '2021-07-05'),
	(1129, '2021-07-05', 144, 2, 1, '2021-07-05'),
	(1130, '2021-07-05', 145, 2, 1, '2021-07-05'),
	(1131, '2021-07-05', 146, 2, 1, '2021-07-05'),
	(1132, '2021-07-05', 147, 2, 1, '2021-07-05'),
	(1133, '2021-07-05', 148, 2, 1, '2021-07-05'),
	(1134, '2021-07-05', 149, 2, 1, '2021-07-05'),
	(1135, '2021-07-05', 150, 2, 1, '2021-07-05'),
	(1136, '2021-07-05', 151, 2, 1, '2021-07-05'),
	(1137, '2021-07-05', 152, 2, 1, '2021-07-05'),
	(1138, '2021-07-05', 153, 2, 1, '2021-07-05'),
	(1139, '2021-07-05', 154, 2, 1, '2021-07-05'),
	(1140, '2021-07-05', 155, 2, 1, '2021-07-05'),
	(1141, '2021-07-05', 156, 2, 1, '2021-07-05'),
	(1142, '2021-07-05', 157, 2, 1, '2021-07-05'),
	(1143, '2021-07-05', 158, 2, 1, '2021-07-05'),
	(1144, '2021-07-05', 159, 2, 1, '2021-07-05'),
	(1145, '2021-07-05', 160, 2, 1, '2021-07-05'),
	(1146, '2021-07-05', 161, 2, 1, '2021-07-05'),
	(1147, '2021-07-05', 162, 2, 1, '2021-07-05'),
	(1148, '2021-07-05', 163, 2, 1, '2021-07-05'),
	(1149, '2021-07-05', 164, 2, 1, '2021-07-05'),
	(1150, '2021-07-05', 165, 2, 1, '2021-07-05'),
	(1151, '2021-07-05', 166, 2, 1, '2021-07-05'),
	(1152, '2021-07-05', 167, 2, 1, '2021-07-05'),
	(1153, '2021-07-05', 168, 2, 1, '2021-07-05'),
	(1154, '2021-07-05', 169, 2, 1, '2021-07-05'),
	(1155, '2021-07-05', 170, 2, 1, '2021-07-05'),
	(1156, '2021-07-05', 171, 2, 1, '2021-07-05'),
	(1157, '2021-07-05', 172, 2, 1, '2021-07-05'),
	(1158, '2021-07-05', 173, 2, 1, '2021-07-05'),
	(1159, '2021-07-05', 174, 2, 1, '2021-07-05'),
	(1160, '2021-07-05', 175, 2, 1, '2021-07-05'),
	(1162, '2021-07-05', 177, 2, 1, '2021-07-05'),
	(1163, '2021-07-05', 178, 2, 1, '2021-07-05'),
	(1164, '2021-07-05', 179, 2, 1, '2021-07-05'),
	(1165, '2021-07-05', 180, 2, 1, '2021-07-05'),
	(1166, '2021-07-05', 181, 2, 1, '2021-07-05'),
	(1167, '2021-07-05', 182, 2, 1, '2021-07-05'),
	(1168, '2021-07-05', 183, 2, 1, '2021-07-05'),
	(1169, '2021-07-05', 184, 2, 1, '2021-07-05'),
	(1170, '2021-07-05', 185, 2, 1, '2021-07-05'),
	(1171, '2021-07-05', 186, 2, 1, '2021-07-05'),
	(1172, '2021-07-05', 187, 2, 1, '2021-07-05'),
	(1173, '2021-07-05', 188, 2, 1, '2021-07-05'),
	(1174, '2021-07-05', 189, 2, 1, '2021-07-05'),
	(1175, '2021-07-05', 190, 2, 1, '2021-07-05'),
	(1176, '2021-07-05', 191, 2, 1, '2021-07-05'),
	(1177, '2021-07-05', 192, 2, 1, '2021-07-05'),
	(1178, '2021-07-05', 193, 2, 1, '2021-07-05'),
	(1179, '2021-07-05', 194, 2, 1, '2021-07-05'),
	(1180, '2021-07-05', 195, 2, 1, '2021-07-05'),
	(1181, '2021-07-05', 196, 2, 1, '2021-07-05'),
	(1182, '2021-07-05', 197, 2, 1, '2021-07-05'),
	(1183, '2021-07-05', 198, 2, 1, '2021-07-05'),
	(1184, '2021-07-05', 199, 2, 1, '2021-07-05'),
	(1185, '2021-07-05', 200, 2, 1, '2021-07-05'),
	(1186, '2021-07-05', 201, 2, 1, '2021-07-05'),
	(1187, '2021-07-05', 202, 2, 1, '2021-07-05'),
	(1190, '2021-08-05', 36, 2, 1, '2021-08-05'),
	(1191, '2021-08-05', 37, 2, 1, '2021-08-05'),
	(1192, '2021-08-05', 38, 2, 1, '2021-08-05'),
	(1193, '2021-08-05', 39, 2, 1, '2021-08-05'),
	(1194, '2021-08-05', 40, 2, 1, '2021-08-05'),
	(1195, '2021-08-05', 41, 2, 1, '2021-08-05'),
	(1196, '2021-08-05', 42, 2, 1, '2021-08-05'),
	(1197, '2021-08-05', 43, 2, 1, '2021-08-05'),
	(1198, '2021-08-05', 44, 2, 1, '2021-08-05'),
	(1199, '2021-08-05', 45, 2, 1, '2021-08-05'),
	(1200, '2021-08-05', 46, 2, 1, '2021-08-05'),
	(1201, '2021-08-05', 47, 2, 1, '2021-08-05'),
	(1202, '2021-08-05', 48, 2, 1, '2021-08-05'),
	(1203, '2021-08-05', 49, 2, 1, '2021-08-05'),
	(1204, '2021-08-05', 50, 2, 1, '2021-08-05'),
	(1205, '2021-08-05', 51, 2, 1, '2021-08-05'),
	(1206, '2021-08-05', 52, 2, 1, '2021-08-05'),
	(1207, '2021-08-05', 53, 2, 1, '2021-08-05'),
	(1208, '2021-08-05', 54, 2, 1, '2021-08-05'),
	(1209, '2021-08-05', 55, 2, 1, '2021-08-05'),
	(1210, '2021-08-05', 56, 2, 1, '2021-08-05'),
	(1211, '2021-08-05', 57, 2, 1, '2021-08-05'),
	(1212, '2021-08-05', 58, 2, 1, '2021-08-05'),
	(1213, '2021-08-05', 59, 2, 1, '2021-08-05'),
	(1214, '2021-08-05', 60, 2, 1, '2021-08-05'),
	(1215, '2021-08-05', 61, 2, 1, '2021-08-05'),
	(1216, '2021-08-05', 62, 2, 1, '2021-08-05'),
	(1217, '2021-08-05', 63, 2, 1, '2021-08-05'),
	(1218, '2021-08-05', 64, 2, 1, '2021-08-05'),
	(1219, '2021-08-05', 65, 2, 1, '2021-08-05'),
	(1220, '2021-08-05', 66, 2, 1, '2021-08-05'),
	(1221, '2021-08-05', 67, 2, 1, '2021-08-05'),
	(1222, '2021-08-05', 68, 2, 1, '2021-08-05'),
	(1223, '2021-08-05', 69, 2, 1, '2021-08-05'),
	(1224, '2021-08-05', 70, 2, 1, '2021-08-05'),
	(1225, '2021-08-05', 71, 2, 1, '2021-08-05'),
	(1226, '2021-08-05', 72, 2, 1, '2021-08-05'),
	(1227, '2021-08-05', 73, 2, 1, '2021-08-05'),
	(1228, '2021-08-05', 74, 2, 1, '2021-08-05'),
	(1229, '2021-08-05', 75, 2, 1, '2021-08-05'),
	(1230, '2021-08-05', 76, 2, 1, '2021-08-05'),
	(1231, '2021-08-05', 77, 2, 1, '2021-08-05'),
	(1232, '2021-08-05', 78, 2, 1, '2021-08-05'),
	(1233, '2021-08-05', 79, 2, 1, '2021-08-05'),
	(1234, '2021-08-05', 80, 2, 1, '2021-08-05'),
	(1235, '2021-08-05', 81, 2, 1, '2021-08-05'),
	(1236, '2021-08-05', 82, 1, 1, '2021-08-05'),
	(1237, '2021-08-05', 83, 2, 1, '2021-08-05'),
	(1238, '2021-08-05', 84, 2, 1, '2021-08-05'),
	(1239, '2021-08-05', 85, 2, 1, '2021-08-05'),
	(1240, '2021-08-05', 86, 2, 1, '2021-08-05'),
	(1241, '2021-08-05', 87, 2, 1, '2021-08-05'),
	(1242, '2021-08-05', 88, 2, 1, '2021-08-05'),
	(1243, '2021-08-05', 89, 2, 1, '2021-08-05'),
	(1244, '2021-08-05', 90, 2, 1, '2021-08-05'),
	(1245, '2021-08-05', 91, 2, 1, '2021-08-05'),
	(1246, '2021-08-05', 92, 2, 1, '2021-08-05'),
	(1247, '2021-08-05', 93, 2, 1, '2021-08-05'),
	(1248, '2021-08-05', 94, 2, 1, '2021-08-05'),
	(1249, '2021-08-05', 95, 2, 1, '2021-08-05'),
	(1250, '2021-08-05', 96, 2, 1, '2021-08-05'),
	(1251, '2021-08-05', 97, 2, 1, '2021-08-05'),
	(1252, '2021-08-05', 98, 2, 1, '2021-08-05'),
	(1253, '2021-08-05', 99, 2, 1, '2021-08-05'),
	(1254, '2021-08-05', 100, 2, 1, '2021-08-05'),
	(1255, '2021-08-05', 101, 2, 1, '2021-08-05'),
	(1256, '2021-08-05', 102, 2, 1, '2021-08-05'),
	(1257, '2021-08-05', 103, 2, 1, '2021-08-05'),
	(1258, '2021-08-05', 104, 2, 1, '2021-08-05'),
	(1259, '2021-08-05', 105, 2, 1, '2021-08-05'),
	(1260, '2021-08-05', 106, 2, 1, '2021-08-05'),
	(1261, '2021-08-05', 107, 2, 1, '2021-08-05'),
	(1262, '2021-08-05', 108, 2, 1, '2021-08-05'),
	(1263, '2021-08-05', 109, 2, 1, '2021-08-05'),
	(1264, '2021-08-05', 110, 2, 1, '2021-08-05'),
	(1265, '2021-08-05', 111, 2, 1, '2021-08-05'),
	(1266, '2021-08-05', 112, 2, 1, '2021-08-05'),
	(1267, '2021-08-05', 113, 2, 1, '2021-08-05'),
	(1268, '2021-08-05', 114, 2, 1, '2021-08-05'),
	(1269, '2021-08-05', 115, 2, 1, '2021-08-05'),
	(1270, '2021-08-05', 116, 2, 1, '2021-08-05'),
	(1271, '2021-08-05', 117, 2, 1, '2021-08-05'),
	(1272, '2021-08-05', 118, 2, 1, '2021-08-05'),
	(1273, '2021-08-05', 119, 2, 1, '2021-08-05'),
	(1274, '2021-08-05', 120, 2, 1, '2021-08-05'),
	(1275, '2021-08-05', 121, 2, 1, '2021-08-05'),
	(1276, '2021-08-05', 122, 2, 1, '2021-08-05'),
	(1277, '2021-08-05', 123, 2, 1, '2021-08-05'),
	(1278, '2021-08-05', 124, 2, 1, '2021-08-05'),
	(1279, '2021-08-05', 125, 2, 1, '2021-08-05'),
	(1280, '2021-08-05', 126, 2, 1, '2021-08-05'),
	(1281, '2021-08-05', 127, 2, 1, '2021-08-05'),
	(1282, '2021-08-05', 128, 2, 1, '2021-08-05'),
	(1283, '2021-08-05', 129, 2, 1, '2021-08-05'),
	(1284, '2021-08-05', 130, 2, 1, '2021-08-05'),
	(1285, '2021-08-05', 131, 2, 1, '2021-08-05'),
	(1286, '2021-08-05', 132, 2, 1, '2021-08-05'),
	(1287, '2021-08-05', 133, 2, 1, '2021-08-05'),
	(1288, '2021-08-05', 134, 2, 1, '2021-08-05'),
	(1289, '2021-08-05', 135, 2, 1, '2021-08-05'),
	(1290, '2021-08-05', 136, 2, 1, '2021-08-05'),
	(1291, '2021-08-05', 137, 2, 1, '2021-08-05'),
	(1292, '2021-08-05', 138, 2, 1, '2021-08-05'),
	(1293, '2021-08-05', 139, 2, 1, '2021-08-05'),
	(1294, '2021-08-05', 140, 2, 1, '2021-08-05'),
	(1295, '2021-08-05', 141, 2, 1, '2021-08-05'),
	(1296, '2021-08-05', 142, 2, 1, '2021-08-05'),
	(1297, '2021-08-05', 143, 2, 1, '2021-08-05'),
	(1298, '2021-08-05', 144, 2, 1, '2021-08-05'),
	(1299, '2021-08-05', 145, 2, 1, '2021-08-05'),
	(1300, '2021-08-05', 146, 2, 1, '2021-08-05'),
	(1301, '2021-08-05', 147, 2, 1, '2021-08-05'),
	(1302, '2021-08-05', 148, 2, 1, '2021-08-05'),
	(1303, '2021-08-05', 149, 2, 1, '2021-08-05'),
	(1304, '2021-08-05', 150, 2, 1, '2021-08-05'),
	(1305, '2021-08-05', 151, 2, 1, '2021-08-05'),
	(1306, '2021-08-05', 152, 2, 1, '2021-08-05'),
	(1307, '2021-08-05', 153, 2, 1, '2021-08-05'),
	(1308, '2021-08-05', 154, 2, 1, '2021-08-05'),
	(1309, '2021-08-05', 155, 2, 1, '2021-08-05'),
	(1310, '2021-08-05', 156, 2, 1, '2021-08-05'),
	(1311, '2021-08-05', 157, 2, 1, '2021-08-05'),
	(1312, '2021-08-05', 158, 2, 1, '2021-08-05'),
	(1313, '2021-08-05', 159, 2, 1, '2021-08-05'),
	(1314, '2021-08-05', 160, 2, 1, '2021-08-05'),
	(1315, '2021-08-05', 161, 2, 1, '2021-08-05'),
	(1316, '2021-08-05', 162, 2, 1, '2021-08-05'),
	(1317, '2021-08-05', 163, 2, 1, '2021-08-05'),
	(1318, '2021-08-05', 164, 2, 1, '2021-08-05'),
	(1319, '2021-08-05', 165, 2, 1, '2021-08-05'),
	(1320, '2021-08-05', 166, 2, 1, '2021-08-05'),
	(1321, '2021-08-05', 167, 2, 1, '2021-08-05'),
	(1322, '2021-08-05', 168, 2, 1, '2021-08-05'),
	(1323, '2021-08-05', 169, 2, 1, '2021-08-05'),
	(1324, '2021-08-05', 170, 2, 1, '2021-08-05'),
	(1325, '2021-08-05', 171, 2, 1, '2021-08-05'),
	(1326, '2021-08-05', 172, 2, 1, '2021-08-05'),
	(1327, '2021-08-05', 173, 2, 1, '2021-08-05'),
	(1328, '2021-08-05', 174, 2, 1, '2021-08-05'),
	(1329, '2021-08-05', 175, 2, 1, '2021-08-05'),
	(1331, '2021-08-05', 177, 2, 1, '2021-08-05'),
	(1332, '2021-08-05', 178, 2, 1, '2021-08-05'),
	(1333, '2021-08-05', 179, 2, 1, '2021-08-05'),
	(1334, '2021-08-05', 180, 2, 1, '2021-08-05'),
	(1335, '2021-08-05', 181, 2, 1, '2021-08-05'),
	(1336, '2021-08-05', 182, 2, 1, '2021-08-05'),
	(1337, '2021-08-05', 183, 2, 1, '2021-08-05'),
	(1338, '2021-08-05', 184, 2, 1, '2021-08-05'),
	(1339, '2021-08-05', 185, 2, 1, '2021-08-05'),
	(1340, '2021-08-05', 186, 2, 1, '2021-08-05'),
	(1341, '2021-08-05', 187, 2, 1, '2021-08-05'),
	(1342, '2021-08-05', 188, 2, 1, '2021-08-05'),
	(1343, '2021-08-05', 189, 2, 1, '2021-08-05'),
	(1344, '2021-08-05', 190, 2, 1, '2021-08-05'),
	(1345, '2021-08-05', 191, 2, 1, '2021-08-05'),
	(1346, '2021-08-05', 192, 2, 1, '2021-08-05'),
	(1347, '2021-08-05', 193, 2, 1, '2021-08-05'),
	(1348, '2021-08-05', 194, 2, 1, '2021-08-05'),
	(1349, '2021-08-05', 195, 2, 1, '2021-08-05'),
	(1350, '2021-08-05', 196, 2, 1, '2021-08-05'),
	(1351, '2021-08-05', 197, 2, 1, '2021-08-05'),
	(1352, '2021-08-05', 198, 2, 1, '2021-08-05'),
	(1353, '2021-08-05', 199, 2, 1, '2021-08-05'),
	(1354, '2021-08-05', 200, 2, 1, '2021-08-05'),
	(1355, '2021-08-05', 201, 2, 1, '2021-08-05'),
	(1356, '2021-08-05', 202, 2, 1, '2021-08-05'),
	(1359, '2021-10-05', 36, 2, 1, '2021-10-05'),
	(1360, '2021-10-05', 37, 2, 1, '2021-10-05'),
	(1361, '2021-10-05', 38, 2, 1, '2021-10-05'),
	(1362, '2021-10-05', 39, 2, 1, '2021-10-05'),
	(1363, '2021-10-05', 40, 2, 1, '2021-10-05'),
	(1364, '2021-10-05', 41, 2, 1, '2021-10-05'),
	(1365, '2021-10-05', 42, 2, 1, '2021-10-05'),
	(1366, '2021-10-05', 43, 2, 1, '2021-10-05'),
	(1367, '2021-10-05', 44, 2, 1, '2021-10-05'),
	(1368, '2021-10-05', 45, 2, 1, '2021-10-05'),
	(1369, '2021-10-05', 46, 2, 1, '2021-10-05'),
	(1370, '2021-10-05', 47, 2, 1, '2021-10-05'),
	(1371, '2021-10-05', 48, 2, 1, '2021-10-05'),
	(1372, '2021-10-05', 49, 2, 1, '2021-10-05'),
	(1373, '2021-10-05', 50, 2, 1, '2021-10-05'),
	(1374, '2021-10-05', 51, 2, 1, '2021-10-05'),
	(1375, '2021-10-05', 52, 2, 1, '2021-10-05'),
	(1376, '2021-10-05', 53, 2, 1, '2021-10-05'),
	(1377, '2021-10-05', 54, 2, 1, '2021-10-05'),
	(1378, '2021-10-05', 55, 2, 1, '2021-10-05'),
	(1379, '2021-10-05', 56, 2, 1, '2021-10-05'),
	(1380, '2021-10-05', 57, 2, 1, '2021-10-05'),
	(1381, '2021-10-05', 58, 2, 1, '2021-10-05'),
	(1382, '2021-10-05', 59, 2, 1, '2021-10-05'),
	(1383, '2021-10-05', 60, 2, 1, '2021-10-05'),
	(1384, '2021-10-05', 61, 2, 1, '2021-10-05'),
	(1385, '2021-10-05', 62, 2, 1, '2021-10-05'),
	(1386, '2021-10-05', 63, 2, 1, '2021-10-05'),
	(1387, '2021-10-05', 64, 2, 1, '2021-10-05'),
	(1388, '2021-10-05', 65, 2, 1, '2021-10-05'),
	(1389, '2021-10-05', 66, 2, 1, '2021-10-05'),
	(1390, '2021-10-05', 67, 2, 1, '2021-10-05'),
	(1391, '2021-10-05', 68, 2, 1, '2021-10-05'),
	(1392, '2021-10-05', 69, 2, 1, '2021-10-05'),
	(1393, '2021-10-05', 70, 2, 1, '2021-10-05'),
	(1394, '2021-10-05', 71, 2, 1, '2021-10-05'),
	(1395, '2021-10-05', 72, 2, 1, '2021-10-05'),
	(1396, '2021-10-05', 73, 2, 1, '2021-10-05'),
	(1397, '2021-10-05', 74, 2, 1, '2021-10-05'),
	(1398, '2021-10-05', 75, 2, 1, '2021-10-05'),
	(1399, '2021-10-05', 76, 2, 1, '2021-10-05'),
	(1400, '2021-10-05', 77, 2, 1, '2021-10-05'),
	(1401, '2021-10-05', 78, 2, 1, '2021-10-05'),
	(1402, '2021-10-05', 79, 2, 1, '2021-10-05'),
	(1403, '2021-10-05', 80, 2, 1, '2021-10-05'),
	(1404, '2021-10-05', 81, 2, 1, '2021-10-05'),
	(1405, '2021-10-05', 82, 1, 2, '2021-10-19'),
	(1406, '2021-10-05', 83, 2, 1, '2021-10-05'),
	(1407, '2021-10-05', 84, 1, 2, '2021-10-19'),
	(1408, '2021-10-05', 85, 2, 1, '2021-10-05'),
	(1409, '2021-10-05', 86, 2, 1, '2021-10-05'),
	(1410, '2021-10-05', 87, 2, 1, '2021-10-05'),
	(1411, '2021-10-05', 88, 2, 1, '2021-10-05'),
	(1412, '2021-10-05', 89, 2, 1, '2021-10-05'),
	(1413, '2021-10-05', 90, 2, 1, '2021-10-05'),
	(1414, '2021-10-05', 91, 2, 1, '2021-10-05'),
	(1415, '2021-10-05', 92, 2, 1, '2021-10-05'),
	(1416, '2021-10-05', 93, 2, 1, '2021-10-05'),
	(1417, '2021-10-05', 94, 1, 2, '2021-10-19'),
	(1418, '2021-10-05', 95, 2, 1, '2021-10-05'),
	(1419, '2021-10-05', 96, 2, 1, '2021-10-05'),
	(1420, '2021-10-05', 97, 2, 1, '2021-10-05'),
	(1421, '2021-10-05', 98, 2, 1, '2021-10-05'),
	(1422, '2021-10-05', 99, 2, 1, '2021-10-05'),
	(1423, '2021-10-05', 100, 2, 1, '2021-10-05'),
	(1424, '2021-10-05', 101, 1, 2, '0000-00-00'),
	(1425, '2021-10-05', 102, 2, 2, '0000-00-00'),
	(1426, '2021-10-05', 103, 2, 1, '2021-10-05'),
	(1427, '2021-10-05', 104, 2, 2, '0000-00-00'),
	(1428, '2021-10-05', 105, 2, 1, '2021-10-05'),
	(1429, '2021-10-05', 106, 2, 1, '2021-10-05'),
	(1430, '2021-10-05', 107, 2, 1, '2021-10-05'),
	(1431, '2021-10-05', 108, 2, 1, '2021-10-05'),
	(1432, '2021-10-05', 109, 2, 1, '2021-10-05'),
	(1433, '2021-10-05', 110, 2, 1, '2021-10-05'),
	(1434, '2021-10-05', 111, 2, 1, '2021-10-05'),
	(1435, '2021-10-05', 112, 2, 1, '2021-10-05'),
	(1436, '2021-10-05', 113, 2, 1, '2021-10-05'),
	(1437, '2021-10-05', 114, 2, 1, '2021-10-05'),
	(1438, '2021-10-05', 115, 2, 1, '2021-10-05'),
	(1439, '2021-10-05', 116, 2, 1, '2021-10-05'),
	(1440, '2021-10-05', 117, 2, 1, '2021-10-05'),
	(1441, '2021-10-05', 118, 2, 1, '2021-10-05'),
	(1442, '2021-10-05', 119, 2, 1, '2021-10-05'),
	(1443, '2021-10-05', 120, 2, 1, '2021-10-05'),
	(1444, '2021-10-05', 121, 2, 2, '0000-00-00'),
	(1445, '2021-10-05', 122, 2, 1, '2021-10-05'),
	(1446, '2021-10-05', 123, 2, 1, '2021-10-05'),
	(1447, '2021-10-05', 124, 2, 2, '0000-00-00'),
	(1448, '2021-10-05', 125, 2, 1, '2021-10-05'),
	(1449, '2021-10-05', 126, 2, 1, '2021-10-05'),
	(1450, '2021-10-05', 127, 2, 1, '2021-10-05'),
	(1451, '2021-10-05', 128, 2, 1, '2021-10-05'),
	(1452, '2021-10-05', 129, 2, 1, '2021-10-05'),
	(1453, '2021-10-05', 130, 2, 1, '2021-10-05'),
	(1454, '2021-10-05', 131, 2, 1, '2021-10-05'),
	(1455, '2021-10-05', 132, 2, 1, '2021-10-05'),
	(1456, '2021-10-05', 133, 2, 1, '2021-10-05'),
	(1457, '2021-10-05', 134, 2, 1, '2021-10-05'),
	(1458, '2021-10-05', 135, 2, 1, '2021-10-05'),
	(1459, '2021-10-05', 136, 2, 1, '2021-10-05'),
	(1460, '2021-10-05', 137, 2, 1, '2021-10-05'),
	(1461, '2021-10-05', 138, 2, 1, '2021-10-05'),
	(1462, '2021-10-05', 139, 2, 1, '2021-10-05'),
	(1463, '2021-10-05', 140, 2, 1, '2021-10-05'),
	(1464, '2021-10-05', 141, 2, 1, '2021-10-05'),
	(1465, '2021-10-05', 142, 2, 1, '2021-10-05'),
	(1466, '2021-10-05', 143, 2, 1, '2021-10-05'),
	(1467, '2021-10-05', 144, 2, 1, '2021-10-05'),
	(1468, '2021-10-05', 145, 2, 1, '2021-10-05'),
	(1469, '2021-10-05', 146, 2, 1, '2021-10-05'),
	(1470, '2021-10-05', 147, 2, 1, '2021-10-05'),
	(1471, '2021-10-05', 148, 2, 1, '2021-10-05'),
	(1472, '2021-10-05', 149, 2, 1, '2021-10-05'),
	(1473, '2021-10-05', 150, 2, 1, '2021-10-05'),
	(1474, '2021-10-05', 151, 2, 1, '2021-10-05'),
	(1475, '2021-10-05', 152, 2, 1, '2021-10-05'),
	(1476, '2021-10-05', 153, 2, 1, '2021-10-05'),
	(1477, '2021-10-05', 154, 2, 1, '2021-10-05'),
	(1478, '2021-10-05', 155, 2, 1, '2021-10-05'),
	(1479, '2021-10-05', 156, 2, 1, '2021-10-05'),
	(1480, '2021-10-05', 157, 2, 1, '2021-10-05'),
	(1481, '2021-10-05', 158, 2, 1, '2021-10-05'),
	(1482, '2021-10-05', 159, 2, 1, '2021-10-05'),
	(1483, '2021-10-05', 160, 2, 1, '2021-10-05'),
	(1484, '2021-10-05', 161, 2, 1, '2021-10-05'),
	(1485, '2021-10-05', 162, 2, 1, '2021-10-05'),
	(1486, '2021-10-05', 163, 2, 1, '2021-10-05'),
	(1487, '2021-10-05', 164, 2, 1, '2021-10-05'),
	(1488, '2021-10-05', 165, 2, 1, '2021-10-05'),
	(1489, '2021-10-05', 166, 2, 1, '2021-10-05'),
	(1490, '2021-10-05', 167, 2, 1, '2021-10-05'),
	(1491, '2021-10-05', 168, 2, 1, '2021-10-05'),
	(1492, '2021-10-05', 169, 2, 1, '2021-10-05'),
	(1493, '2021-10-05', 170, 2, 1, '2021-10-05'),
	(1494, '2021-10-05', 171, 2, 1, '2021-10-05'),
	(1495, '2021-10-05', 172, 2, 1, '2021-10-05'),
	(1496, '2021-10-05', 173, 2, 1, '2021-10-05'),
	(1497, '2021-10-05', 174, 2, 1, '2021-10-05'),
	(1498, '2021-10-05', 175, 2, 1, '2021-10-05'),
	(1500, '2021-10-05', 177, 2, 1, '2021-10-05'),
	(1501, '2021-10-05', 178, 2, 1, '2021-10-05'),
	(1502, '2021-10-05', 179, 2, 1, '2021-10-05'),
	(1503, '2021-10-05', 180, 2, 1, '2021-10-05'),
	(1504, '2021-10-05', 181, 2, 1, '2021-10-05'),
	(1505, '2021-10-05', 182, 2, 1, '2021-10-05'),
	(1506, '2021-10-05', 183, 2, 1, '2021-10-05'),
	(1507, '2021-10-05', 184, 2, 1, '2021-10-05'),
	(1508, '2021-10-05', 185, 2, 1, '2021-10-05'),
	(1509, '2021-10-05', 186, 2, 1, '2021-10-05'),
	(1510, '2021-10-05', 187, 2, 1, '2021-10-05'),
	(1511, '2021-10-05', 188, 2, 1, '2021-10-05'),
	(1512, '2021-10-05', 189, 2, 1, '2021-10-05'),
	(1513, '2021-10-05', 190, 2, 1, '2021-10-05'),
	(1514, '2021-10-05', 191, 2, 1, '2021-10-05'),
	(1515, '2021-10-05', 192, 2, 1, '2021-10-05'),
	(1516, '2021-10-05', 193, 2, 1, '2021-10-05'),
	(1517, '2021-10-05', 194, 2, 1, '2021-10-05'),
	(1518, '2021-10-05', 195, 2, 1, '2021-10-05'),
	(1519, '2021-10-05', 196, 2, 1, '2021-10-05'),
	(1520, '2021-10-05', 197, 2, 1, '2021-10-05'),
	(1521, '2021-10-05', 198, 2, 1, '2021-10-05'),
	(1522, '2021-10-05', 199, 2, 1, '2021-10-05'),
	(1523, '2021-10-05', 200, 2, 1, '2021-10-05'),
	(1524, '2021-10-05', 201, 2, 1, '2021-10-05'),
	(1525, '2021-10-05', 202, 2, 1, '2021-10-05'),
	(2037, '2021-08-27', 203, 1, 1, '2021-10-20'),
	(2038, '2021-09-27', 203, 1, 2, '2021-10-20'),
	(2041, '2021-09-27', 203, 1, 1, '2021-10-20'),
	(2042, '2021-06-27', 203, 1, 1, '2021-10-20'),
	(2043, '2021-07-27', 203, 1, 1, '2021-10-20'),
	(2044, '2021-05-27', 203, 1, 1, '2021-10-20');
/*!40000 ALTER TABLE `factura` ENABLE KEYS */;

-- Volcando estructura para tabla links_db.municipio
CREATE TABLE IF NOT EXISTS `municipio` (
  `id_municipio` int NOT NULL AUTO_INCREMENT,
  `nombre_municipio` varchar(50) CHARACTER SET utf8 COLLATE utf8_spanish_ci NOT NULL,
  `id_departamento` int NOT NULL,
  PRIMARY KEY (`id_municipio`),
  KEY `departamento_idx` (`id_departamento`),
  CONSTRAINT `departamento_fk` FOREIGN KEY (`id_departamento`) REFERENCES `departamento` (`id_departamento`) ON UPDATE CASCADE
) ENGINE=InnoDB AUTO_INCREMENT=20 DEFAULT CHARSET=utf8 COLLATE=utf8_spanish_ci;

-- Volcando datos para la tabla links_db.municipio: ~19 rows (aproximadamente)
DELETE FROM `municipio`;
/*!40000 ALTER TABLE `municipio` DISABLE KEYS */;
INSERT INTO `municipio` (`id_municipio`, `nombre_municipio`, `id_departamento`) VALUES
	(1, 'Sololá', 1),
	(2, 'Concepción', 1),
	(3, 'Nahualá\r\n', 1),
	(4, 'Panajachel\r\n', 1),
	(5, 'San Andrés Semetabaj\r\n', 1),
	(6, 'San Antonio Palopó\r\n', 1),
	(7, 'San José Chacayá\r\n', 1),
	(8, 'San Juan La Laguna\r\n', 1),
	(9, 'San Lucas Tolimán\r\n', 1),
	(10, 'San Marcos La Laguna\r\n', 1),
	(11, 'San Pablo La Laguna\r\n', 1),
	(12, 'San Pedro La Laguna\r\n', 1),
	(13, 'Santa Catarina Ixtahuacán\r\n', 1),
	(14, 'Santa Catarina Palopó\r\n', 1),
	(15, 'Santa Clara La Laguna\r\n', 1),
	(16, 'Santa Cruz La Laguna\r\n', 1),
	(17, 'Santa Lucía Utatlan\r\n', 1),
	(18, 'Santa María Visitación\r\n', 1),
	(19, 'Santiago Atitlán\r\n', 1);
/*!40000 ALTER TABLE `municipio` ENABLE KEYS */;

-- Volcando estructura para tabla links_db.orden_trabajo
CREATE TABLE IF NOT EXISTS `orden_trabajo` (
  `id_orden_trabajo` int NOT NULL AUTO_INCREMENT,
  `id_usuario` int NOT NULL,
  `fecha_creacion` date NOT NULL,
  `id_tipo_trabajo` int NOT NULL,
  `descripcion_trabajo` varchar(255) CHARACTER SET utf8 COLLATE utf8_spanish_ci NOT NULL,
  `estado_orden` varchar(50) COLLATE utf8_spanish_ci NOT NULL,
  PRIMARY KEY (`id_orden_trabajo`),
  KEY `ot_usuario_idx` (`id_usuario`),
  KEY `ot_tipo_trabajo_idx` (`id_tipo_trabajo`),
  CONSTRAINT `ot_tipo_trabajo_fk` FOREIGN KEY (`id_tipo_trabajo`) REFERENCES `tipo_trabajo` (`id_tipo_trabajo`),
  CONSTRAINT `ot_usuario_fk` FOREIGN KEY (`id_usuario`) REFERENCES `usuario` (`id_usuario`)
) ENGINE=InnoDB AUTO_INCREMENT=9 DEFAULT CHARSET=utf8 COLLATE=utf8_spanish_ci;

-- Volcando datos para la tabla links_db.orden_trabajo: ~6 rows (aproximadamente)
DELETE FROM `orden_trabajo`;
/*!40000 ALTER TABLE `orden_trabajo` DISABLE KEYS */;
INSERT INTO `orden_trabajo` (`id_orden_trabajo`, `id_usuario`, `fecha_creacion`, `id_tipo_trabajo`, `descripcion_trabajo`, `estado_orden`) VALUES
	(1, 3, '2021-09-03', 1, 'Instalación de internet residencial', 'Completado'),
	(2, 3, '2021-09-04', 4, 'Cambio de antena con cliente Modificado', 'Completado'),
	(3, 3, '2021-09-04', 3, 'Mantenimiento en torre sector Norte', 'Pendiente'),
	(4, 3, '2021-09-04', 2, 'Reparación de cableado en ofinica abc será eliminado', 'Pendiente'),
	(7, 3, '2021-10-10', 2, 'Reparar cable de red del cliente 123', 'Completado'),
	(8, 3, '2021-10-15', 4, 'jnjdfjkndjnjdnewndjnwed', 'Pendiente');
/*!40000 ALTER TABLE `orden_trabajo` ENABLE KEYS */;

-- Volcando estructura para tabla links_db.plan_servicio
CREATE TABLE IF NOT EXISTS `plan_servicio` (
  `id_plan_servicio` int NOT NULL AUTO_INCREMENT,
  `nombre_plan` varchar(45) CHARACTER SET utf8 COLLATE utf8_spanish_ci NOT NULL,
  `precio` decimal(7,2) DEFAULT '0.00',
  PRIMARY KEY (`id_plan_servicio`)
) ENGINE=InnoDB AUTO_INCREMENT=10 DEFAULT CHARSET=utf8 COLLATE=utf8_spanish_ci;

-- Volcando datos para la tabla links_db.plan_servicio: ~9 rows (aproximadamente)
DELETE FROM `plan_servicio`;
/*!40000 ALTER TABLE `plan_servicio` DISABLE KEYS */;
INSERT INTO `plan_servicio` (`id_plan_servicio`, `nombre_plan`, `precio`) VALUES
	(1, '2M', 100.00),
	(2, '4M', 150.00),
	(3, '6M', 200.00),
	(4, '8M', 300.00),
	(6, '12M', 475.00),
	(7, 'ILIMITADO', 0.00),
	(8, '10M', 375.00),
	(9, 'default-encryption', 0.00);
/*!40000 ALTER TABLE `plan_servicio` ENABLE KEYS */;

-- Volcando estructura para tabla links_db.producto_servicio
CREATE TABLE IF NOT EXISTS `producto_servicio` (
  `id_producto_servicio` int NOT NULL AUTO_INCREMENT,
  `nombre_producto_servicio` varchar(100) CHARACTER SET utf8 COLLATE utf8_spanish_ci NOT NULL,
  `id_tipo_producto` int NOT NULL,
  PRIMARY KEY (`id_producto_servicio`),
  KEY `ps_tipo_producto_idx` (`id_tipo_producto`),
  CONSTRAINT `ps_tipo_producto_fk` FOREIGN KEY (`id_tipo_producto`) REFERENCES `tipo_producto` (`id_tipo_producto`)
) ENGINE=InnoDB AUTO_INCREMENT=11 DEFAULT CHARSET=utf8 COLLATE=utf8_spanish_ci;

-- Volcando datos para la tabla links_db.producto_servicio: ~8 rows (aproximadamente)
DELETE FROM `producto_servicio`;
/*!40000 ALTER TABLE `producto_servicio` DISABLE KEYS */;
INSERT INTO `producto_servicio` (`id_producto_servicio`, `nombre_producto_servicio`, `id_tipo_producto`) VALUES
	(1, 'Instalación', 1),
	(2, 'Mantenimiento', 1),
	(4, 'Reparación', 1),
	(5, 'Router', 2),
	(6, 'Switch', 2),
	(7, 'Antena', 2),
	(8, 'Cable UTP', 3),
	(10, 'Servicio de Internet Residencial', 1);
/*!40000 ALTER TABLE `producto_servicio` ENABLE KEYS */;

-- Volcando estructura para tabla links_db.registro_equipos
CREATE TABLE IF NOT EXISTS `registro_equipos` (
  `id_registro_equipos` int NOT NULL AUTO_INCREMENT,
  `id_tipo_equipo` int NOT NULL,
  `nombre_equipo` varchar(100) CHARACTER SET utf8 COLLATE utf8_spanish_ci NOT NULL,
  `id_cliente` int NOT NULL,
  PRIMARY KEY (`id_registro_equipos`),
  KEY `re_tipo_equipo_idx` (`id_tipo_equipo`),
  KEY `re_cliente_idx` (`id_cliente`),
  CONSTRAINT `re_cliente_fk` FOREIGN KEY (`id_cliente`) REFERENCES `cliente` (`id_cliente`),
  CONSTRAINT `re_tipo_equipo_fk` FOREIGN KEY (`id_tipo_equipo`) REFERENCES `tipo_equipo` (`id_tipo_equipo`)
) ENGINE=InnoDB DEFAULT CHARSET=utf8 COLLATE=utf8_spanish_ci;

-- Volcando datos para la tabla links_db.registro_equipos: ~0 rows (aproximadamente)
DELETE FROM `registro_equipos`;
/*!40000 ALTER TABLE `registro_equipos` DISABLE KEYS */;
/*!40000 ALTER TABLE `registro_equipos` ENABLE KEYS */;

-- Volcando estructura para tabla links_db.rol_usuario
CREATE TABLE IF NOT EXISTS `rol_usuario` (
  `id_rol` int NOT NULL AUTO_INCREMENT,
  `nombre_rol` varchar(50) CHARACTER SET utf8 COLLATE utf8_spanish_ci NOT NULL,
  `descripcion_rol` varchar(150) CHARACTER SET utf8 COLLATE utf8_spanish_ci NOT NULL,
  PRIMARY KEY (`id_rol`)
) ENGINE=InnoDB AUTO_INCREMENT=4 DEFAULT CHARSET=utf8 COLLATE=utf8_spanish_ci;

-- Volcando datos para la tabla links_db.rol_usuario: ~3 rows (aproximadamente)
DELETE FROM `rol_usuario`;
/*!40000 ALTER TABLE `rol_usuario` DISABLE KEYS */;
INSERT INTO `rol_usuario` (`id_rol`, `nombre_rol`, `descripcion_rol`) VALUES
	(1, 'Administrador', 'Control total'),
	(2, 'Oficina', 'Agregar clientes, planes y generar facturas'),
	(3, 'Técnico de red', 'Trabajo de campo en área de redes');
/*!40000 ALTER TABLE `rol_usuario` ENABLE KEYS */;

-- Volcando estructura para tabla links_db.router_mikrotik
CREATE TABLE IF NOT EXISTS `router_mikrotik` (
  `id_router` int NOT NULL AUTO_INCREMENT,
  `modelo` varchar(45) CHARACTER SET utf8 COLLATE utf8_spanish_ci NOT NULL,
  `serie` varchar(45) CHARACTER SET utf8 COLLATE utf8_spanish_ci NOT NULL,
  `ip_asignada` varchar(45) CHARACTER SET utf8 COLLATE utf8_spanish_ci NOT NULL,
  `usuario_router` varchar(45) CHARACTER SET utf8 COLLATE utf8_spanish_ci NOT NULL,
  `password_router` varchar(45) CHARACTER SET utf8 COLLATE utf8_spanish_ci NOT NULL,
  PRIMARY KEY (`id_router`)
) ENGINE=InnoDB AUTO_INCREMENT=2 DEFAULT CHARSET=utf8 COLLATE=utf8_spanish_ci;

-- Volcando datos para la tabla links_db.router_mikrotik: ~0 rows (aproximadamente)
DELETE FROM `router_mikrotik`;
/*!40000 ALTER TABLE `router_mikrotik` DISABLE KEYS */;
INSERT INTO `router_mikrotik` (`id_router`, `modelo`, `serie`, `ip_asignada`, `usuario_router`, `password_router`) VALUES
	(1, 'RB 3011', 'UiAS-RM', '192.168.0.151', 'admin', 'ProyectosLinks2020');
/*!40000 ALTER TABLE `router_mikrotik` ENABLE KEYS */;

-- Volcando estructura para tabla links_db.tipo_cliente
CREATE TABLE IF NOT EXISTS `tipo_cliente` (
  `id_tipo_cliente` int NOT NULL AUTO_INCREMENT,
  `nombre_tipo_cliente` varchar(100) CHARACTER SET utf8 COLLATE utf8_spanish_ci NOT NULL,
  PRIMARY KEY (`id_tipo_cliente`)
) ENGINE=InnoDB AUTO_INCREMENT=4 DEFAULT CHARSET=utf8 COLLATE=utf8_spanish_ci;

-- Volcando datos para la tabla links_db.tipo_cliente: ~2 rows (aproximadamente)
DELETE FROM `tipo_cliente`;
/*!40000 ALTER TABLE `tipo_cliente` DISABLE KEYS */;
INSERT INTO `tipo_cliente` (`id_tipo_cliente`, `nombre_tipo_cliente`) VALUES
	(1, 'Residencial'),
	(2, 'Corporativo'),
	(3, 'Protegido');
/*!40000 ALTER TABLE `tipo_cliente` ENABLE KEYS */;

-- Volcando estructura para tabla links_db.tipo_equipo
CREATE TABLE IF NOT EXISTS `tipo_equipo` (
  `id_tipo_equipo` int NOT NULL AUTO_INCREMENT,
  `nombre_tipo_equipo` varchar(45) CHARACTER SET utf8 COLLATE utf8_spanish_ci NOT NULL,
  PRIMARY KEY (`id_tipo_equipo`)
) ENGINE=InnoDB AUTO_INCREMENT=4 DEFAULT CHARSET=utf8 COLLATE=utf8_spanish_ci;

-- Volcando datos para la tabla links_db.tipo_equipo: ~3 rows (aproximadamente)
DELETE FROM `tipo_equipo`;
/*!40000 ALTER TABLE `tipo_equipo` DISABLE KEYS */;
INSERT INTO `tipo_equipo` (`id_tipo_equipo`, `nombre_tipo_equipo`) VALUES
	(1, 'Router'),
	(2, 'Switch'),
	(3, 'Antena');
/*!40000 ALTER TABLE `tipo_equipo` ENABLE KEYS */;

-- Volcando estructura para tabla links_db.tipo_evento
CREATE TABLE IF NOT EXISTS `tipo_evento` (
  `id_tipo_evento` int NOT NULL AUTO_INCREMENT,
  `nombre_evento` varchar(45) CHARACTER SET utf8 COLLATE utf8_spanish_ci NOT NULL,
  PRIMARY KEY (`id_tipo_evento`)
) ENGINE=InnoDB AUTO_INCREMENT=4 DEFAULT CHARSET=utf8 COLLATE=utf8_spanish_ci;

-- Volcando datos para la tabla links_db.tipo_evento: ~3 rows (aproximadamente)
DELETE FROM `tipo_evento`;
/*!40000 ALTER TABLE `tipo_evento` DISABLE KEYS */;
INSERT INTO `tipo_evento` (`id_tipo_evento`, `nombre_evento`) VALUES
	(1, 'INSERT'),
	(2, 'UPDATE'),
	(3, 'DELETE');
/*!40000 ALTER TABLE `tipo_evento` ENABLE KEYS */;

-- Volcando estructura para tabla links_db.tipo_producto
CREATE TABLE IF NOT EXISTS `tipo_producto` (
  `id_tipo_producto` int NOT NULL AUTO_INCREMENT,
  `nombre_tipo_producto` varchar(100) CHARACTER SET utf8 COLLATE utf8_spanish_ci NOT NULL,
  `descripcion_tipo_producto` varchar(200) CHARACTER SET utf8 COLLATE utf8_spanish_ci NOT NULL,
  PRIMARY KEY (`id_tipo_producto`)
) ENGINE=InnoDB AUTO_INCREMENT=4 DEFAULT CHARSET=utf8 COLLATE=utf8_spanish_ci;

-- Volcando datos para la tabla links_db.tipo_producto: ~3 rows (aproximadamente)
DELETE FROM `tipo_producto`;
/*!40000 ALTER TABLE `tipo_producto` DISABLE KEYS */;
INSERT INTO `tipo_producto` (`id_tipo_producto`, `nombre_tipo_producto`, `descripcion_tipo_producto`) VALUES
	(1, 'Servicio', 'Trabajo realizado por el que se va a cobrar'),
	(2, 'Equipo de Red', 'Aparatos electrónicos de red vendidos'),
	(3, 'Accesorios ', 'Accesorios o complementos de los equipos de red');
/*!40000 ALTER TABLE `tipo_producto` ENABLE KEYS */;

-- Volcando estructura para tabla links_db.tipo_trabajo
CREATE TABLE IF NOT EXISTS `tipo_trabajo` (
  `id_tipo_trabajo` int NOT NULL AUTO_INCREMENT,
  `nombre_tipo_trabajo` varchar(45) CHARACTER SET utf8 COLLATE utf8_spanish_ci NOT NULL,
  PRIMARY KEY (`id_tipo_trabajo`)
) ENGINE=InnoDB AUTO_INCREMENT=6 DEFAULT CHARSET=utf8 COLLATE=utf8_spanish_ci;

-- Volcando datos para la tabla links_db.tipo_trabajo: ~4 rows (aproximadamente)
DELETE FROM `tipo_trabajo`;
/*!40000 ALTER TABLE `tipo_trabajo` DISABLE KEYS */;
INSERT INTO `tipo_trabajo` (`id_tipo_trabajo`, `nombre_tipo_trabajo`) VALUES
	(1, 'Instalación'),
	(2, 'Reparación'),
	(3, 'Mantenimiento'),
	(4, 'Cambio de equipo'),
	(5, 'Test de Cobertura');
/*!40000 ALTER TABLE `tipo_trabajo` ENABLE KEYS */;

-- Volcando estructura para tabla links_db.trabajo_terminado
CREATE TABLE IF NOT EXISTS `trabajo_terminado` (
  `id_trabajo_terminado` int NOT NULL AUTO_INCREMENT,
  `id_orden_trabajo` int NOT NULL,
  PRIMARY KEY (`id_trabajo_terminado`),
  KEY `tt_orden_trabajo_idx` (`id_orden_trabajo`),
  CONSTRAINT `tt_orden_trabajo_fk` FOREIGN KEY (`id_orden_trabajo`) REFERENCES `orden_trabajo` (`id_orden_trabajo`)
) ENGINE=InnoDB AUTO_INCREMENT=10 DEFAULT CHARSET=utf8 COLLATE=utf8_spanish_ci;

-- Volcando datos para la tabla links_db.trabajo_terminado: ~3 rows (aproximadamente)
DELETE FROM `trabajo_terminado`;
/*!40000 ALTER TABLE `trabajo_terminado` DISABLE KEYS */;
INSERT INTO `trabajo_terminado` (`id_trabajo_terminado`, `id_orden_trabajo`) VALUES
	(1, 1),
	(2, 2),
	(8, 7);
/*!40000 ALTER TABLE `trabajo_terminado` ENABLE KEYS */;

-- Volcando estructura para tabla links_db.usuario
CREATE TABLE IF NOT EXISTS `usuario` (
  `id_usuario` int NOT NULL AUTO_INCREMENT,
  `nombre_usuario` varchar(100) CHARACTER SET utf8 COLLATE utf8_spanish_ci NOT NULL,
  `password_usuario` varchar(255) CHARACTER SET utf8 COLLATE utf8_spanish_ci NOT NULL,
  `id_rol` int NOT NULL,
  PRIMARY KEY (`id_usuario`),
  KEY `us_rol_idx` (`id_rol`),
  CONSTRAINT `us_rol_fk` FOREIGN KEY (`id_rol`) REFERENCES `rol_usuario` (`id_rol`) ON UPDATE CASCADE
) ENGINE=InnoDB AUTO_INCREMENT=22 DEFAULT CHARSET=utf8 COLLATE=utf8_spanish_ci;

-- Volcando datos para la tabla links_db.usuario: ~7 rows (aproximadamente)
DELETE FROM `usuario`;
/*!40000 ALTER TABLE `usuario` DISABLE KEYS */;
INSERT INTO `usuario` (`id_usuario`, `nombre_usuario`, `password_usuario`, `id_rol`) VALUES
	(1, 'Juan Carlos', 'SnVpNzJWS1ZOSldnME9OZ1FuMEpEZz09', 1),
	(2, 'María Morales', 'SnVpNzJWS1ZOSldnME9OZ1FuMEpEZz09', 2),
	(3, 'Mario Bross', 'SnVpNzJWS1ZOSldnME9OZ1FuMEpEZz09', 3);
/*!40000 ALTER TABLE `usuario` ENABLE KEYS */;

/*!40101 SET SQL_MODE=IFNULL(@OLD_SQL_MODE, '') */;
/*!40014 SET FOREIGN_KEY_CHECKS=IFNULL(@OLD_FOREIGN_KEY_CHECKS, 1) */;
/*!40101 SET CHARACTER_SET_CLIENT=@OLD_CHARACTER_SET_CLIENT */;
/*!40111 SET SQL_NOTES=IFNULL(@OLD_SQL_NOTES, 1) */;
